-- phpMyAdmin SQL Dump
-- version 5.2.1
-- https://www.phpmyadmin.net/
--
-- Host: 127.0.0.1
-- Generation Time: Aug 20, 2023 at 10:50 PM
-- Server version: 10.4.28-MariaDB
-- PHP Version: 8.2.4

SET SQL_MODE = "NO_AUTO_VALUE_ON_ZERO";
START TRANSACTION;
SET time_zone = "+00:00";


/*!40101 SET @OLD_CHARACTER_SET_CLIENT=@@CHARACTER_SET_CLIENT */;
/*!40101 SET @OLD_CHARACTER_SET_RESULTS=@@CHARACTER_SET_RESULTS */;
/*!40101 SET @OLD_COLLATION_CONNECTION=@@COLLATION_CONNECTION */;
/*!40101 SET NAMES utf8mb4 */;

--
-- Database: `db_timer`
--

-- --------------------------------------------------------

--
-- Table structure for table `associate`
--

CREATE TABLE `associate` (
  `added_by` int(11) NOT NULL,
  `user_id` int(11) NOT NULL,
  `status` int(11) NOT NULL
) ENGINE=InnoDB DEFAULT CHARSET=utf8mb4 COLLATE=utf8mb4_general_ci;

--
-- Dumping data for table `associate`
--

INSERT INTO `associate` (`added_by`, `user_id`, `status`) VALUES
(78, 19, 1),
(58, 19, 1);

-- --------------------------------------------------------

--
-- Table structure for table `submit_stamp`
--

CREATE TABLE `submit_stamp` (
  `submit` int(11) NOT NULL,
  `timer_id` int(11) NOT NULL,
  `time_stamp` timestamp(6) NOT NULL DEFAULT current_timestamp(6),
  `user_id` int(11) NOT NULL
) ENGINE=InnoDB DEFAULT CHARSET=utf8mb4 COLLATE=utf8mb4_general_ci;

--
-- Dumping data for table `submit_stamp`
--

INSERT INTO `submit_stamp` (`submit`, `timer_id`, `time_stamp`, `user_id`) VALUES
(1, 87, '0000-00-00 00:00:00.000000', 14),
(1, 87, '0000-00-00 00:00:00.000000', 14),
(1, 96, '0000-00-00 00:00:00.000000', 18),
(1, 96, '0000-00-00 00:00:00.000000', 18),
(1, 96, '0000-00-00 00:00:00.000000', 18),
(1, 96, '0000-00-00 00:00:00.000000', 18),
(1, 96, '0000-00-00 00:00:00.000000', 18),
(1, 96, '0000-00-00 00:00:00.000000', 18),
(1, 96, '0000-00-00 00:00:00.000000', 18),
(1, 87, '0000-00-00 00:00:00.000000', 14),
(1, 87, '0000-00-00 00:00:00.000000', 14),
(1, 96, '0000-00-00 00:00:00.000000', 18),
(1, 96, '0000-00-00 00:00:00.000000', 18),
(1, 96, '0000-00-00 00:00:00.000000', 18),
(1, 96, '0000-00-00 00:00:00.000000', 18),
(1, 96, '0000-00-00 00:00:00.000000', 18),
(1, 96, '0000-00-00 00:00:00.000000', 18),
(1, 96, '0000-00-00 00:00:00.000000', 18),
(1, 96, '0000-00-00 00:00:00.000000', 18),
(1, 96, '0000-00-00 00:00:00.000000', 18),
(1, 96, '0000-00-00 00:00:00.000000', 18),
(1, 96, '0000-00-00 00:00:00.000000', 18),
(1, 96, '0000-00-00 00:00:00.000000', 18),
(1, 96, '0000-00-00 00:00:00.000000', 18),
(1, 96, '0000-00-00 00:00:00.000000', 18),
(1, 96, '0000-00-00 00:00:00.000000', 18),
(1, 96, '0000-00-00 00:00:00.000000', 18),
(1, 96, '0000-00-00 00:00:00.000000', 18),
(1, 96, '0000-00-00 00:00:00.000000', 18),
(1, 96, '0000-00-00 00:00:00.000000', 18),
(1, 96, '0000-00-00 00:00:00.000000', 18),
(1, 96, '0000-00-00 00:00:00.000000', 0),
(1, 96, '0000-00-00 00:00:00.000000', 0),
(1, 96, '0000-00-00 00:00:00.000000', 0),
(1, 96, '0000-00-00 00:00:00.000000', 18),
(1, 96, '0000-00-00 00:00:00.000000', 18),
(1, 96, '0000-00-00 00:00:00.000000', 18),
(1, 96, '0000-00-00 00:00:00.000000', 18),
(1, 96, '0000-00-00 00:00:00.000000', 18),
(1, 96, '0000-00-00 00:00:00.000000', 18),
(1, 96, '0000-00-00 00:00:00.000000', 18),
(1, 96, '0000-00-00 00:00:00.000000', 18),
(1, 96, '0000-00-00 00:00:00.000000', 18),
(1, 96, '0000-00-00 00:00:00.000000', 18),
(1, 96, '0000-00-00 00:00:00.000000', 18),
(1, 96, '0000-00-00 00:00:00.000000', 18),
(1, 96, '0000-00-00 00:00:00.000000', 18),
(1, 96, '0000-00-00 00:00:00.000000', 18),
(1, 96, '0000-00-00 00:00:00.000000', 18),
(1, 96, '0000-00-00 00:00:00.000000', 18),
(1, 96, '0000-00-00 00:00:00.000000', 18),
(1, 96, '0000-00-00 00:00:00.000000', 18),
(1, 96, '0000-00-00 00:00:00.000000', 18),
(1, 96, '0000-00-00 00:00:00.000000', 18),
(1, 96, '0000-00-00 00:00:00.000000', 18),
(1, 96, '0000-00-00 00:00:00.000000', 18),
(1, 96, '0000-00-00 00:00:00.000000', 18),
(1, 96, '0000-00-00 00:00:00.000000', 18),
(1, 96, '0000-00-00 00:00:00.000000', 18),
(1, 96, '0000-00-00 00:00:00.000000', 18),
(1, 96, '0000-00-00 00:00:00.000000', 18),
(1, 96, '0000-00-00 00:00:00.000000', 18),
(1, 96, '0000-00-00 00:00:00.000000', 18),
(1, 96, '0000-00-00 00:00:00.000000', 18),
(1, 96, '0000-00-00 00:00:00.000000', 18),
(1, 96, '0000-00-00 00:00:00.000000', 18),
(1, 96, '0000-00-00 00:00:00.000000', 18),
(1, 96, '0000-00-00 00:00:00.000000', 18),
(1, 96, '0000-00-00 00:00:00.000000', 18),
(1, 96, '0000-00-00 00:00:00.000000', 18),
(1, 96, '0000-00-00 00:00:00.000000', 18),
(1, 96, '0000-00-00 00:00:00.000000', 18),
(1, 96, '2023-07-28 01:04:21.000000', 18),
(1, 96, '2023-07-28 01:04:24.000000', 18),
(1, 96, '2023-07-28 01:04:26.000000', 18),
(1, 96, '2023-07-28 01:04:26.000000', 18),
(1, 96, '2023-07-28 01:04:26.000000', 18),
(1, 96, '2023-07-28 01:04:26.000000', 18),
(1, 96, '2023-07-28 01:04:27.000000', 18),
(1, 96, '2023-07-28 01:04:27.000000', 18),
(1, 87, '2023-07-28 07:17:13.000000', 14),
(1, 87, '2023-07-28 07:17:21.000000', 14),
(1, 87, '2023-07-28 07:22:25.000000', 14),
(1, 87, '2023-07-28 07:22:27.000000', 14),
(1, 87, '2023-07-28 07:51:29.000000', 14),
(1, 101, '2023-07-28 14:23:50.000000', 19),
(1, 101, '2023-07-28 14:29:42.000000', 19),
(1, 101, '2023-07-28 14:34:13.000000', 19),
(1, 101, '2023-07-28 14:36:20.000000', 19),
(1, 101, '2023-07-28 14:41:42.000000', 19),
(1, 101, '2023-07-28 14:44:51.000000', 19),
(1, 101, '2023-07-28 14:47:16.000000', 19),
(1, 101, '2023-07-28 14:47:29.000000', 19),
(1, 101, '2023-07-28 14:47:40.000000', 19),
(1, 101, '2023-07-28 14:50:50.000000', 19),
(1, 101, '2023-07-28 14:51:02.000000', 19),
(1, 101, '2023-07-28 14:56:10.000000', 19),
(1, 101, '2023-07-28 14:58:10.000000', 19),
(1, 101, '2023-07-28 15:02:42.000000', 19),
(1, 101, '2023-07-28 15:02:54.000000', 19),
(1, 101, '2023-07-28 15:07:27.000000', 19),
(1, 101, '2023-07-28 15:10:23.000000', 19),
(1, 101, '2023-07-28 15:10:30.000000', 19),
(1, 101, '2023-07-28 15:13:12.000000', 19),
(1, 101, '2023-07-28 15:18:15.000000', 19),
(1, 101, '2023-07-28 15:20:18.000000', 19),
(1, 101, '2023-07-28 15:25:18.000000', 19),
(1, 101, '2023-07-28 15:45:33.000000', 19),
(1, 101, '2023-07-28 15:45:52.000000', 19),
(1, 101, '2023-07-28 15:45:59.000000', 19),
(1, 101, '2023-07-28 15:51:01.000000', 19),
(1, 101, '2023-07-28 15:56:02.000000', 19),
(1, 101, '2023-07-28 15:58:59.000000', 19),
(1, 101, '2023-07-28 16:04:08.000000', 19),
(1, 101, '2023-07-28 16:09:11.000000', 19),
(1, 101, '2023-07-28 16:14:27.000000', 19),
(1, 101, '2023-07-28 16:19:03.000000', 19),
(1, 101, '2023-07-28 16:24:09.000000', 19),
(1, 101, '2023-07-28 16:29:11.000000', 19),
(1, 101, '2023-07-28 16:35:15.000000', 19),
(1, 101, '2023-07-28 16:41:02.000000', 19),
(1, 101, '2023-07-28 16:45:49.000000', 19),
(1, 101, '2023-07-28 19:26:39.000000', 19),
(1, 101, '2023-07-28 19:31:10.000000', 19),
(1, 101, '2023-07-28 19:35:02.000000', 19),
(1, 101, '2023-07-28 19:40:23.000000', 19),
(1, 101, '2023-07-28 19:45:12.000000', 19),
(1, 101, '2023-07-28 20:53:19.000000', 19),
(1, 101, '2023-07-28 20:55:20.000000', 19),
(1, 101, '2023-07-28 20:58:36.000000', 19),
(1, 101, '2023-07-28 21:05:09.000000', 19),
(1, 101, '2023-07-28 21:08:10.000000', 19),
(1, 101, '2023-07-28 21:11:58.000000', 19),
(1, 101, '2023-07-28 21:17:05.000000', 19),
(1, 101, '2023-07-28 21:22:56.000000', 19),
(1, 101, '2023-07-28 21:28:41.000000', 19),
(1, 101, '2023-07-28 21:29:36.000000', 19),
(1, 101, '2023-07-28 21:30:17.000000', 19),
(1, 101, '2023-07-28 21:35:21.000000', 19),
(1, 101, '2023-07-28 21:39:05.000000', 19),
(1, 101, '2023-07-28 21:44:18.000000', 19),
(1, 101, '2023-07-28 21:47:18.000000', 19),
(1, 101, '2023-07-28 21:50:33.000000', 19),
(1, 101, '2023-07-28 21:55:53.000000', 19),
(1, 101, '2023-07-28 21:56:04.000000', 19),
(1, 101, '2023-07-28 21:56:56.000000', 19),
(1, 101, '2023-07-28 21:58:46.000000', 19),
(1, 101, '2023-07-28 22:03:55.000000', 19),
(1, 101, '2023-07-28 22:09:05.000000', 19),
(1, 101, '2023-07-28 22:12:31.000000', 19),
(1, 101, '2023-07-28 22:15:56.000000', 19),
(1, 101, '2023-07-29 01:18:56.000000', 19),
(1, 101, '2023-07-29 01:18:58.000000', 19),
(1, 101, '2023-07-29 01:19:24.000000', 19),
(1, 101, '2023-07-30 18:46:10.000000', 19),
(1, 101, '2023-07-30 18:50:58.000000', 19),
(1, 101, '2023-07-30 18:56:06.000000', 19),
(1, 101, '2023-07-30 19:01:14.000000', 19),
(1, 101, '2023-07-30 19:03:56.000000', 19),
(1, 101, '2023-07-30 19:09:01.000000', 19),
(1, 101, '2023-07-30 19:14:28.000000', 19),
(1, 101, '2023-07-30 19:19:44.000000', 19),
(1, 101, '2023-07-30 19:25:13.000000', 19),
(1, 101, '2023-07-30 19:30:35.000000', 19),
(1, 101, '2023-07-30 19:34:49.000000', 19),
(1, 101, '2023-07-30 19:40:30.000000', 19),
(1, 101, '2023-07-30 19:46:30.000000', 19),
(1, 101, '2023-07-30 19:49:21.000000', 19),
(1, 101, '2023-07-30 19:52:27.000000', 19),
(1, 101, '2023-07-30 19:56:23.000000', 19),
(1, 101, '2023-07-30 20:02:26.000000', 19),
(1, 101, '2023-07-30 20:08:54.000000', 19),
(1, 101, '2023-07-30 20:14:12.000000', 19),
(1, 101, '2023-07-30 20:20:44.000000', 19),
(1, 101, '2023-07-30 20:20:57.000000', 19),
(1, 101, '2023-07-30 20:22:10.000000', 19),
(1, 101, '2023-07-30 20:28:13.000000', 19),
(1, 101, '2023-07-30 20:32:41.000000', 19),
(1, 101, '2023-07-30 20:33:31.000000', 19),
(1, 101, '2023-07-30 20:39:54.000000', 19),
(1, 101, '2023-07-30 20:40:57.000000', 19),
(1, 101, '2023-07-30 20:44:24.000000', 19),
(1, 101, '2023-07-30 20:50:27.000000', 19),
(1, 101, '2023-07-30 20:55:10.000000', 19),
(1, 101, '2023-07-30 20:58:45.000000', 19),
(1, 101, '2023-07-30 20:58:55.000000', 19),
(1, 101, '2023-07-30 21:01:56.000000', 19),
(1, 101, '2023-07-30 21:02:10.000000', 19),
(1, 101, '2023-07-30 21:02:32.000000', 19),
(1, 101, '2023-07-30 21:02:59.000000', 19),
(1, 101, '2023-07-30 21:07:47.000000', 19),
(1, 101, '2023-07-30 21:11:10.000000', 19),
(1, 101, '2023-07-30 21:11:18.000000', 19),
(1, 101, '2023-07-30 21:13:48.000000', 19),
(1, 101, '2023-07-30 21:13:54.000000', 19),
(1, 101, '2023-07-30 21:17:19.000000', 19),
(1, 101, '2023-07-30 21:17:27.000000', 19),
(1, 101, '2023-07-30 21:17:33.000000', 19),
(1, 101, '2023-07-30 21:20:49.000000', 19),
(1, 101, '2023-07-30 21:20:57.000000', 19),
(1, 101, '2023-07-30 21:22:23.000000', 19),
(1, 101, '2023-07-30 21:22:25.000000', 19),
(1, 101, '2023-07-30 21:25:28.000000', 19),
(1, 101, '2023-07-30 21:25:41.000000', 19),
(1, 101, '2023-07-30 21:25:46.000000', 19),
(1, 101, '2023-07-30 21:25:52.000000', 19),
(1, 101, '2023-07-30 21:29:53.000000', 19),
(1, 101, '2023-07-30 21:30:18.000000', 19),
(1, 101, '2023-07-30 21:33:43.000000', 19),
(1, 101, '2023-07-30 21:36:31.000000', 19),
(1, 101, '2023-07-30 21:38:47.000000', 19),
(1, 101, '2023-07-30 21:41:14.000000', 19),
(1, 101, '2023-07-30 21:43:54.000000', 19),
(1, 101, '2023-07-30 21:48:39.000000', 19),
(1, 101, '2023-07-30 21:49:02.000000', 19),
(1, 101, '2023-07-30 21:51:37.000000', 19),
(1, 101, '2023-07-30 21:54:31.000000', 19),
(1, 101, '2023-07-30 21:57:23.000000', 19),
(1, 101, '2023-07-30 21:59:51.000000', 19),
(1, 101, '2023-07-30 22:02:17.000000', 19),
(1, 101, '2023-07-30 22:04:05.000000', 19),
(1, 101, '2023-07-30 22:04:12.000000', 19),
(1, 101, '2023-07-30 22:07:43.000000', 19),
(1, 101, '2023-07-30 22:10:30.000000', 19),
(1, 101, '2023-07-30 22:13:50.000000', 19),
(1, 101, '2023-07-30 22:13:58.000000', 19),
(1, 101, '2023-07-30 22:16:33.000000', 19),
(1, 101, '2023-07-30 22:20:00.000000', 19),
(1, 101, '2023-07-30 22:20:04.000000', 19),
(1, 101, '2023-07-30 22:21:08.000000', 19),
(1, 101, '2023-07-30 22:22:57.000000', 19),
(1, 101, '2023-07-30 22:25:42.000000', 19),
(1, 101, '2023-07-30 22:28:49.000000', 19),
(1, 101, '2023-07-30 22:29:57.000000', 19),
(1, 101, '2023-07-30 22:30:04.000000', 19),
(1, 101, '2023-07-30 22:32:30.000000', 19),
(1, 101, '2023-07-30 22:35:19.000000', 19),
(1, 101, '2023-07-30 22:37:54.000000', 19),
(1, 101, '2023-07-30 22:40:40.000000', 19),
(1, 101, '2023-07-30 22:43:25.000000', 19),
(1, 101, '2023-07-30 22:43:41.000000', 19),
(1, 101, '2023-07-30 22:43:47.000000', 19),
(1, 101, '2023-07-30 22:46:35.000000', 19),
(1, 101, '2023-07-30 22:46:43.000000', 19),
(1, 101, '2023-07-31 12:04:20.000000', 19),
(1, 101, '2023-07-31 12:04:47.000000', 19),
(1, 101, '2023-07-31 12:04:48.000000', 19),
(1, 104, '2023-07-31 12:13:24.000000', 24),
(1, 104, '2023-07-31 12:13:58.000000', 24),
(1, 104, '2023-07-31 12:15:47.000000', 24),
(1, 104, '2023-07-31 12:17:49.000000', 24),
(1, 104, '2023-07-31 12:18:06.000000', 24),
(1, 104, '2023-07-31 12:18:11.000000', 24),
(1, 104, '2023-07-31 12:18:16.000000', 24),
(1, 101, '2023-08-01 15:03:49.000000', 19),
(1, 101, '2023-08-01 15:09:21.000000', 19),
(1, 101, '2023-08-01 15:09:30.000000', 19),
(1, 101, '2023-08-01 15:12:43.000000', 19),
(1, 101, '2023-08-01 15:13:02.000000', 19),
(1, 101, '2023-08-01 15:13:03.000000', 19),
(1, 101, '2023-08-01 15:18:11.000000', 19),
(1, 101, '2023-08-01 15:20:26.000000', 19),
(1, 101, '2023-08-01 15:25:33.000000', 19),
(1, 101, '2023-08-01 15:30:50.000000', 19),
(1, 101, '2023-08-01 15:36:30.000000', 19),
(1, 101, '2023-08-01 15:41:07.000000', 19),
(1, 101, '2023-08-01 15:47:17.000000', 19),
(1, 101, '2023-08-01 15:50:06.000000', 19),
(1, 101, '2023-08-01 15:56:07.000000', 19),
(1, 101, '2023-08-01 15:59:20.000000', 19),
(1, 101, '2023-08-01 16:04:38.000000', 19),
(1, 101, '2023-08-01 16:07:48.000000', 19),
(1, 101, '2023-08-01 16:13:40.000000', 19),
(1, 101, '2023-08-01 16:13:57.000000', 19),
(1, 101, '2023-08-01 16:14:02.000000', 19),
(1, 101, '2023-08-01 16:14:02.000000', 19),
(1, 101, '2023-08-01 16:15:27.000000', 19),
(1, 101, '2023-08-01 16:20:50.000000', 19),
(1, 101, '2023-08-01 16:21:34.000000', 19),
(1, 101, '2023-08-01 16:27:04.000000', 19),
(1, 101, '2023-08-01 16:32:28.000000', 19),
(1, 101, '2023-08-01 16:39:22.000000', 19),
(1, 101, '2023-08-01 16:43:57.000000', 19),
(1, 101, '2023-08-01 16:50:21.000000', 19),
(1, 101, '2023-08-01 16:53:30.000000', 19),
(1, 101, '2023-08-01 17:00:16.000000', 19),
(1, 101, '2023-08-01 17:04:51.000000', 19),
(1, 101, '2023-08-01 17:08:33.000000', 19),
(1, 101, '2023-08-01 17:14:51.000000', 19),
(1, 101, '2023-08-01 17:20:38.000000', 19),
(1, 101, '2023-08-01 17:20:43.000000', 19),
(1, 101, '2023-08-01 17:24:53.000000', 19),
(1, 101, '2023-08-01 17:31:10.000000', 19),
(1, 101, '2023-08-01 17:35:18.000000', 19),
(1, 101, '2023-08-01 17:42:28.000000', 19),
(1, 101, '2023-08-01 17:49:06.000000', 19),
(1, 101, '2023-08-01 17:54:05.000000', 19),
(1, 101, '2023-08-01 18:01:06.000000', 19),
(1, 101, '2023-08-01 18:01:16.000000', 19),
(1, 101, '2023-08-01 18:04:16.000000', 19),
(1, 101, '2023-08-01 18:05:42.000000', 19),
(1, 101, '2023-08-01 18:11:42.000000', 19),
(1, 101, '2023-08-01 18:12:57.000000', 19),
(1, 101, '2023-08-01 18:17:58.000000', 19),
(1, 101, '2023-08-01 18:18:54.000000', 19),
(1, 101, '2023-08-01 18:24:12.000000', 19),
(1, 101, '2023-08-01 18:29:29.000000', 19),
(1, 101, '2023-08-01 18:34:59.000000', 19),
(1, 101, '2023-08-01 18:35:17.000000', 19),
(1, 101, '2023-08-01 18:41:16.000000', 19),
(1, 101, '2023-08-01 18:41:28.000000', 19),
(1, 101, '2023-08-01 18:46:10.000000', 19),
(1, 101, '2023-08-02 16:15:24.000000', 19),
(1, 101, '2023-08-02 16:20:26.000000', 19),
(1, 101, '2023-08-02 16:25:38.000000', 19),
(1, 101, '2023-08-02 16:31:29.000000', 19),
(1, 101, '2023-08-02 16:36:19.000000', 19),
(1, 101, '2023-08-02 16:40:37.000000', 19),
(1, 101, '2023-08-02 16:46:33.000000', 19),
(1, 101, '2023-08-02 16:51:37.000000', 19),
(1, 101, '2023-08-02 16:56:49.000000', 19),
(1, 101, '2023-08-02 16:57:19.000000', 19),
(1, 101, '2023-08-02 16:57:44.000000', 19),
(1, 101, '2023-08-02 16:59:23.000000', 19),
(1, 101, '2023-08-02 17:05:58.000000', 19),
(1, 101, '2023-08-02 17:11:06.000000', 19),
(1, 101, '2023-08-02 17:16:04.000000', 19),
(1, 101, '2023-08-02 17:17:34.000000', 19),
(1, 101, '2023-08-02 17:18:11.000000', 19),
(1, 101, '2023-08-02 17:18:17.000000', 19),
(1, 101, '2023-08-02 17:23:25.000000', 19),
(1, 101, '2023-08-02 17:28:17.000000', 19),
(1, 101, '2023-08-02 17:32:29.000000', 19),
(1, 101, '2023-08-02 17:32:54.000000', 19),
(1, 101, '2023-08-02 17:38:37.000000', 19),
(1, 101, '2023-08-02 17:43:14.000000', 19),
(1, 101, '2023-08-02 17:46:38.000000', 19),
(1, 101, '2023-08-02 17:51:28.000000', 19),
(1, 101, '2023-08-02 17:53:37.000000', 19),
(1, 101, '2023-08-02 23:01:02.000000', 19),
(1, 101, '2023-08-02 23:05:56.000000', 19),
(1, 101, '2023-08-02 23:10:25.000000', 19),
(1, 101, '2023-08-02 23:11:05.000000', 19),
(1, 101, '2023-08-02 23:16:20.000000', 19),
(1, 101, '2023-08-02 23:21:13.000000', 19),
(1, 101, '2023-08-02 23:26:15.000000', 19),
(1, 101, '2023-08-02 23:26:54.000000', 19),
(1, 101, '2023-08-02 23:31:36.000000', 19),
(1, 101, '2023-08-02 23:32:02.000000', 19),
(1, 101, '2023-08-02 23:36:39.000000', 19),
(1, 101, '2023-08-02 23:42:10.000000', 19),
(1, 101, '2023-08-02 23:48:14.000000', 19),
(1, 101, '2023-08-02 23:48:19.000000', 19),
(1, 101, '2023-08-02 23:50:06.000000', 19),
(1, 101, '2023-08-02 23:55:00.000000', 19),
(1, 101, '2023-08-03 00:00:41.000000', 19),
(1, 101, '2023-08-03 00:05:08.000000', 19),
(1, 101, '2023-08-03 00:05:12.000000', 19),
(1, 101, '2023-08-03 16:21:15.000000', 19),
(1, 101, '2023-08-03 16:21:48.000000', 19),
(1, 101, '2023-08-03 16:21:55.000000', 19),
(1, 101, '2023-08-03 16:22:00.000000', 19),
(1, 101, '2023-08-03 16:24:50.000000', 19),
(1, 101, '2023-08-03 16:27:33.000000', 19),
(1, 101, '2023-08-03 16:32:29.000000', 19),
(1, 101, '2023-08-03 16:37:13.000000', 19),
(1, 101, '2023-08-03 16:42:16.000000', 19),
(1, 101, '2023-08-03 16:43:48.000000', 19),
(1, 101, '2023-08-03 16:48:00.000000', 19),
(1, 101, '2023-08-03 16:50:01.000000', 19),
(1, 101, '2023-08-03 16:50:07.000000', 19),
(1, 101, '2023-08-03 16:50:15.000000', 19),
(1, 101, '2023-08-03 16:50:47.000000', 19),
(1, 101, '2023-08-03 16:54:14.000000', 19),
(1, 101, '2023-08-03 16:54:51.000000', 19),
(1, 101, '2023-08-03 16:57:32.000000', 19),
(1, 101, '2023-08-03 16:58:26.000000', 19),
(1, 101, '2023-08-03 16:58:30.000000', 19),
(1, 101, '2023-08-03 17:02:06.000000', 19),
(1, 101, '2023-08-03 17:02:10.000000', 19),
(1, 101, '2023-08-03 17:05:20.000000', 19),
(1, 101, '2023-08-03 17:05:26.000000', 19),
(1, 101, '2023-08-03 17:05:58.000000', 19),
(1, 101, '2023-08-03 17:08:54.000000', 19),
(1, 101, '2023-08-03 17:11:48.000000', 19),
(1, 101, '2023-08-03 17:16:11.000000', 19),
(1, 101, '2023-08-03 17:21:34.000000', 19),
(1, 101, '2023-08-03 17:26:47.000000', 19),
(1, 101, '2023-08-03 17:31:46.000000', 19),
(1, 101, '2023-08-03 17:34:27.000000', 19),
(1, 101, '2023-08-03 17:39:52.000000', 19),
(1, 101, '2023-08-03 17:39:56.000000', 19),
(1, 101, '2023-08-03 17:43:36.000000', 19),
(1, 101, '2023-08-03 17:48:41.000000', 19),
(1, 101, '2023-08-03 17:52:16.000000', 19),
(1, 101, '2023-08-03 17:55:14.000000', 19),
(1, 101, '2023-08-03 17:58:21.000000', 19),
(1, 101, '2023-08-03 18:03:50.000000', 19),
(1, 101, '2023-08-03 18:06:17.000000', 19),
(1, 101, '2023-08-03 18:06:23.000000', 19),
(1, 101, '2023-08-03 18:10:39.000000', 19),
(1, 101, '2023-08-03 18:15:43.000000', 19),
(1, 101, '2023-08-03 18:21:11.000000', 19),
(1, 101, '2023-08-03 18:24:27.000000', 19),
(1, 101, '2023-08-03 18:29:48.000000', 19),
(1, 101, '2023-08-03 18:35:14.000000', 19),
(1, 101, '2023-08-03 18:39:48.000000', 19),
(1, 101, '2023-08-03 18:56:21.000000', 19),
(1, 101, '2023-08-03 19:01:55.000000', 19),
(1, 101, '2023-08-03 19:02:02.000000', 19),
(1, 101, '2023-08-03 19:05:32.000000', 19),
(1, 101, '2023-08-03 19:10:38.000000', 19),
(1, 101, '2023-08-03 19:10:44.000000', 19),
(1, 101, '2023-08-03 19:10:48.000000', 19),
(1, 101, '2023-08-03 19:10:55.000000', 19),
(1, 101, '2023-08-03 19:10:59.000000', 19),
(1, 101, '2023-08-03 19:17:57.000000', 19),
(1, 101, '2023-08-03 19:18:01.000000', 19),
(1, 101, '2023-08-03 19:18:21.000000', 19),
(1, 101, '2023-08-03 19:18:27.000000', 19),
(1, 101, '2023-08-03 19:19:44.000000', 19),
(1, 101, '2023-08-03 19:19:51.000000', 19),
(1, 101, '2023-08-03 19:23:11.000000', 19),
(1, 101, '2023-08-03 19:23:26.000000', 19),
(1, 101, '2023-08-03 19:26:34.000000', 19),
(1, 101, '2023-08-03 19:33:26.000000', 19),
(1, 101, '2023-08-03 19:38:29.000000', 19),
(1, 101, '2023-08-03 19:38:38.000000', 19),
(1, 101, '2023-08-03 19:43:41.000000', 19),
(1, 101, '2023-08-03 19:47:42.000000', 19),
(1, 101, '2023-08-03 19:51:28.000000', 19),
(1, 101, '2023-08-03 19:56:18.000000', 19),
(1, 101, '2023-08-03 19:58:41.000000', 19),
(1, 101, '2023-08-04 03:46:06.000000', 19),
(1, 101, '2023-08-04 03:50:30.000000', 19),
(1, 101, '2023-08-04 03:56:01.000000', 19),
(1, 101, '2023-08-04 04:01:57.000000', 19),
(1, 101, '2023-08-04 04:05:21.000000', 19),
(1, 101, '2023-08-04 04:07:59.000000', 19),
(1, 101, '2023-08-04 04:08:03.000000', 19),
(1, 101, '2023-08-04 04:08:12.000000', 19),
(1, 101, '2023-08-04 04:13:34.000000', 19),
(1, 101, '2023-08-04 04:19:43.000000', 19),
(1, 101, '2023-08-04 04:22:31.000000', 19),
(1, 101, '2023-08-04 04:25:33.000000', 19),
(1, 101, '2023-08-04 04:30:39.000000', 19),
(1, 101, '2023-08-04 04:30:48.000000', 19),
(1, 101, '2023-08-04 04:35:59.000000', 19),
(1, 101, '2023-08-04 04:38:27.000000', 19),
(1, 101, '2023-08-04 04:42:08.000000', 19),
(1, 101, '2023-08-04 04:42:16.000000', 19),
(1, 101, '2023-08-04 04:42:37.000000', 19),
(1, 101, '2023-08-04 04:46:13.000000', 19),
(1, 101, '2023-08-04 04:48:30.000000', 19),
(1, 101, '2023-08-04 04:48:39.000000', 19),
(1, 101, '2023-08-04 04:49:36.000000', 19),
(1, 101, '2023-08-04 04:53:11.000000', 19),
(1, 101, '2023-08-04 04:58:08.000000', 19),
(1, 101, '2023-08-04 04:59:39.000000', 19),
(1, 101, '2023-08-04 04:59:48.000000', 19),
(1, 101, '2023-08-04 05:00:07.000000', 19),
(1, 101, '2023-08-04 05:07:32.000000', 19),
(1, 101, '2023-08-04 05:10:52.000000', 19),
(1, 101, '2023-08-04 05:11:07.000000', 19),
(1, 101, '2023-08-04 05:16:42.000000', 19),
(1, 101, '2023-08-04 05:23:03.000000', 19),
(1, 101, '2023-08-04 05:29:12.000000', 19),
(1, 101, '2023-08-04 05:33:46.000000', 19),
(1, 101, '2023-08-04 05:34:31.000000', 19),
(1, 101, '2023-08-04 05:37:06.000000', 19),
(1, 101, '2023-08-04 05:37:27.000000', 19),
(1, 101, '2023-08-04 05:43:11.000000', 19),
(1, 101, '2023-08-04 05:43:28.000000', 19),
(1, 101, '2023-08-04 05:43:41.000000', 19),
(1, 101, '2023-08-04 05:48:41.000000', 19),
(1, 101, '2023-08-04 05:52:15.000000', 19),
(1, 101, '2023-08-04 05:54:14.000000', 19),
(1, 101, '2023-08-04 05:58:52.000000', 19),
(1, 101, '2023-08-04 06:00:55.000000', 19),
(1, 101, '2023-08-04 06:01:08.000000', 19),
(1, 101, '2023-08-04 06:01:14.000000', 19),
(1, 101, '2023-08-04 06:04:44.000000', 19),
(1, 101, '2023-08-04 06:07:20.000000', 19),
(1, 101, '2023-08-04 06:11:52.000000', 19),
(1, 101, '2023-08-04 15:48:13.000000', 19),
(1, 101, '2023-08-04 15:53:40.000000', 19),
(1, 101, '2023-08-04 15:53:48.000000', 19),
(1, 101, '2023-08-04 15:59:10.000000', 19),
(1, 101, '2023-08-04 16:04:48.000000', 19),
(1, 101, '2023-08-04 16:11:33.000000', 19),
(1, 101, '2023-08-04 16:17:10.000000', 19),
(1, 101, '2023-08-04 16:22:50.000000', 19),
(1, 101, '2023-08-04 16:28:50.000000', 19),
(1, 101, '2023-08-04 16:30:44.000000', 19),
(1, 101, '2023-08-04 16:36:57.000000', 19),
(1, 101, '2023-08-04 16:41:23.000000', 19),
(1, 101, '2023-08-04 16:46:58.000000', 19),
(1, 101, '2023-08-04 16:49:40.000000', 19),
(1, 101, '2023-08-04 16:55:44.000000', 19),
(1, 101, '2023-08-04 17:16:33.000000', 19),
(1, 101, '2023-08-04 17:21:53.000000', 19),
(1, 101, '2023-08-04 17:27:03.000000', 19),
(1, 101, '2023-08-04 17:32:40.000000', 19),
(1, 101, '2023-08-04 17:36:18.000000', 19),
(1, 101, '2023-08-04 17:42:03.000000', 19),
(1, 101, '2023-08-04 17:47:17.000000', 19),
(1, 101, '2023-08-04 17:47:32.000000', 19),
(1, 101, '2023-08-04 17:53:15.000000', 19),
(1, 101, '2023-08-04 17:57:57.000000', 19),
(1, 101, '2023-08-04 18:04:18.000000', 19),
(1, 101, '2023-08-04 18:06:31.000000', 19),
(1, 101, '2023-08-04 18:12:14.000000', 19),
(1, 101, '2023-08-04 18:14:57.000000', 19),
(1, 101, '2023-08-04 18:18:35.000000', 19),
(1, 101, '2023-08-04 18:23:42.000000', 19),
(1, 101, '2023-08-04 18:23:51.000000', 19),
(1, 101, '2023-08-04 18:28:55.000000', 19),
(1, 101, '2023-08-04 18:34:02.000000', 19),
(1, 101, '2023-08-04 18:39:36.000000', 19),
(1, 101, '2023-08-04 18:43:53.000000', 19),
(1, 101, '2023-08-04 18:44:43.000000', 19),
(1, 101, '2023-08-04 18:46:01.000000', 19),
(1, 101, '2023-08-04 18:50:54.000000', 19),
(1, 101, '2023-08-04 18:51:16.000000', 19),
(1, 101, '2023-08-04 18:57:10.000000', 19),
(1, 101, '2023-08-04 19:01:46.000000', 19),
(1, 101, '2023-08-04 19:09:45.000000', 19),
(1, 101, '2023-08-04 19:13:54.000000', 19),
(1, 101, '2023-08-04 19:14:00.000000', 19),
(1, 101, '2023-08-04 19:15:41.000000', 19),
(1, 101, '2023-08-04 19:46:59.000000', 19),
(1, 101, '2023-08-04 19:49:05.000000', 19),
(1, 101, '2023-08-04 19:49:09.000000', 19),
(1, 101, '2023-08-04 19:54:07.000000', 19),
(1, 101, '2023-08-04 19:59:38.000000', 19),
(1, 101, '2023-08-06 05:50:09.000000', 0),
(1, 101, '2023-08-07 14:16:09.000000', 19),
(1, 101, '2023-08-07 14:20:47.000000', 19),
(1, 101, '2023-08-07 14:21:02.000000', 19),
(1, 101, '2023-08-07 14:25:33.000000', 19),
(1, 101, '2023-08-07 14:26:10.000000', 19),
(1, 101, '2023-08-07 14:29:02.000000', 19),
(1, 101, '2023-08-07 14:34:08.000000', 19),
(1, 101, '2023-08-07 14:34:21.000000', 19),
(1, 101, '2023-08-07 14:38:03.000000', 19),
(1, 101, '2023-08-07 14:42:56.000000', 19),
(1, 101, '2023-08-07 14:45:28.000000', 19),
(1, 101, '2023-08-07 14:49:50.000000', 19),
(1, 101, '2023-08-07 14:51:56.000000', 19),
(1, 101, '2023-08-07 14:57:32.000000', 19),
(1, 101, '2023-08-07 15:04:00.000000', 19),
(1, 101, '2023-08-07 15:09:03.000000', 19),
(1, 101, '2023-08-07 15:14:11.000000', 19),
(1, 101, '2023-08-07 15:17:30.000000', 19),
(1, 101, '2023-08-07 15:23:09.000000', 19),
(1, 101, '2023-08-07 15:28:35.000000', 19),
(1, 101, '2023-08-07 15:33:57.000000', 19),
(1, 101, '2023-08-07 15:37:24.000000', 19),
(1, 101, '2023-08-07 15:43:26.000000', 19),
(1, 101, '2023-08-07 15:55:48.000000', 19),
(1, 101, '2023-08-07 16:01:11.000000', 19),
(1, 101, '2023-08-07 16:05:21.000000', 19),
(1, 101, '2023-08-07 16:08:59.000000', 19),
(1, 101, '2023-08-07 16:14:08.000000', 19),
(1, 101, '2023-08-07 16:15:50.000000', 19),
(1, 101, '2023-08-07 16:18:23.000000', 19),
(1, 101, '2023-08-07 16:22:17.000000', 19),
(1, 101, '2023-08-07 16:27:02.000000', 19),
(1, 101, '2023-08-07 16:31:47.000000', 19),
(1, 101, '2023-08-07 16:36:29.000000', 19),
(1, 101, '2023-08-07 16:41:25.000000', 19),
(1, 101, '2023-08-07 18:50:59.000000', 19),
(1, 101, '2023-08-07 18:55:57.000000', 19),
(1, 101, '2023-08-07 18:58:56.000000', 19),
(1, 101, '2023-08-07 19:01:22.000000', 19),
(1, 101, '2023-08-07 19:04:04.000000', 19),
(1, 101, '2023-08-07 19:09:26.000000', 19),
(1, 101, '2023-08-07 19:15:52.000000', 19),
(1, 101, '2023-08-07 19:16:50.000000', 19),
(1, 101, '2023-08-07 19:19:59.000000', 19),
(1, 101, '2023-08-07 19:23:35.000000', 19),
(1, 101, '2023-08-07 19:26:41.000000', 19),
(1, 101, '2023-08-07 19:31:59.000000', 19),
(1, 101, '2023-08-07 19:33:14.000000', 19),
(1, 101, '2023-08-07 19:39:18.000000', 19),
(1, 101, '2023-08-07 19:44:22.000000', 19),
(1, 101, '2023-08-07 19:48:37.000000', 19),
(1, 101, '2023-08-07 19:52:23.000000', 19),
(1, 101, '2023-08-07 19:53:35.000000', 19),
(1, 101, '2023-08-07 20:08:10.000000', 19),
(1, 101, '2023-08-07 20:14:29.000000', 19),
(1, 101, '2023-08-07 20:15:16.000000', 19),
(1, 101, '2023-08-07 20:20:33.000000', 19),
(1, 101, '2023-08-07 20:24:18.000000', 19),
(1, 101, '2023-08-07 20:24:23.000000', 19),
(1, 101, '2023-08-07 20:25:32.000000', 19),
(1, 101, '2023-08-07 20:30:40.000000', 19),
(1, 101, '2023-08-07 20:36:03.000000', 19),
(1, 101, '2023-08-07 20:43:14.000000', 19),
(1, 101, '2023-08-08 15:44:28.000000', 19),
(1, 101, '2023-08-08 15:54:22.000000', 19),
(1, 101, '2023-08-08 17:12:02.000000', 19),
(1, 101, '2023-08-08 17:17:26.000000', 19),
(1, 101, '2023-08-08 17:22:20.000000', 19),
(1, 101, '2023-08-08 17:22:39.000000', 19),
(1, 101, '2023-08-08 17:28:03.000000', 19),
(1, 101, '2023-08-08 17:33:26.000000', 19),
(1, 101, '2023-08-08 17:33:57.000000', 19),
(1, 101, '2023-08-08 17:36:25.000000', 19),
(1, 101, '2023-08-08 17:41:25.000000', 19),
(1, 101, '2023-08-08 17:47:12.000000', 19),
(1, 101, '2023-08-08 17:51:11.000000', 19),
(1, 101, '2023-08-08 17:51:15.000000', 19),
(1, 101, '2023-08-08 17:52:03.000000', 19),
(1, 101, '2023-08-08 17:57:35.000000', 19),
(1, 101, '2023-08-08 17:57:49.000000', 19),
(1, 101, '2023-08-08 17:57:53.000000', 19),
(1, 101, '2023-08-08 17:58:08.000000', 19),
(1, 101, '2023-08-08 17:58:18.000000', 19),
(1, 101, '2023-08-08 18:05:11.000000', 19),
(1, 101, '2023-08-08 18:05:43.000000', 19),
(1, 101, '2023-08-08 18:05:53.000000', 19),
(1, 101, '2023-08-08 18:06:08.000000', 19),
(1, 101, '2023-08-08 18:11:13.000000', 19),
(1, 101, '2023-08-08 18:13:59.000000', 19),
(1, 101, '2023-08-08 18:14:21.000000', 19),
(1, 101, '2023-08-08 18:18:18.000000', 19),
(1, 101, '2023-08-08 18:18:22.000000', 19),
(1, 101, '2023-08-08 18:22:38.000000', 19),
(1, 101, '2023-08-08 18:28:34.000000', 19),
(1, 101, '2023-08-08 18:32:05.000000', 19),
(1, 101, '2023-08-08 18:39:09.000000', 19),
(1, 101, '2023-08-08 18:39:30.000000', 19),
(1, 101, '2023-08-08 18:44:33.000000', 19),
(1, 101, '2023-08-08 18:46:15.000000', 19),
(1, 101, '2023-08-08 18:50:51.000000', 19),
(1, 101, '2023-08-08 18:55:25.000000', 19),
(1, 101, '2023-08-08 18:58:28.000000', 19),
(1, 101, '2023-08-08 19:01:04.000000', 19),
(1, 101, '2023-08-08 19:05:38.000000', 19),
(1, 101, '2023-08-08 19:08:01.000000', 19),
(1, 101, '2023-08-08 19:12:29.000000', 19),
(1, 101, '2023-08-08 19:12:45.000000', 19),
(1, 101, '2023-08-08 19:15:30.000000', 19),
(1, 101, '2023-08-08 19:18:25.000000', 19),
(1, 101, '2023-08-08 19:22:32.000000', 19),
(1, 101, '2023-08-08 19:24:48.000000', 19),
(1, 101, '2023-08-08 19:27:21.000000', 19),
(1, 101, '2023-08-08 19:29:34.000000', 19),
(1, 101, '2023-08-08 19:29:49.000000', 19),
(1, 101, '2023-08-08 19:35:02.000000', 19),
(1, 101, '2023-08-08 19:37:02.000000', 19),
(1, 101, '2023-08-08 20:09:02.000000', 19),
(1, 101, '2023-08-08 20:14:35.000000', 19),
(1, 101, '2023-08-08 20:20:09.000000', 19),
(1, 101, '2023-08-08 20:25:19.000000', 19),
(1, 101, '2023-08-08 20:31:00.000000', 19),
(1, 101, '2023-08-08 20:31:10.000000', 19),
(1, 101, '2023-08-08 20:34:30.000000', 19),
(1, 101, '2023-08-08 20:38:35.000000', 19),
(1, 101, '2023-08-08 20:41:49.000000', 19),
(1, 101, '2023-08-08 20:43:51.000000', 19),
(1, 101, '2023-08-08 20:50:14.000000', 19),
(1, 101, '2023-08-08 20:51:14.000000', 19),
(1, 101, '2023-08-08 20:56:38.000000', 19),
(1, 101, '2023-08-08 20:59:01.000000', 19),
(1, 101, '2023-08-08 21:06:41.000000', 19),
(1, 101, '2023-08-08 21:11:50.000000', 19),
(1, 101, '2023-08-08 21:15:27.000000', 19),
(1, 101, '2023-08-08 21:18:48.000000', 19),
(1, 101, '2023-08-08 21:18:58.000000', 19),
(1, 101, '2023-08-08 21:19:12.000000', 19),
(1, 101, '2023-08-08 21:21:59.000000', 19),
(1, 101, '2023-08-08 21:24:41.000000', 19),
(1, 101, '2023-08-08 21:27:17.000000', 19),
(1, 101, '2023-08-08 21:27:35.000000', 19),
(1, 101, '2023-08-08 21:27:48.000000', 19),
(1, 101, '2023-08-08 21:30:16.000000', 19),
(1, 101, '2023-08-08 21:31:34.000000', 19),
(1, 101, '2023-08-08 21:33:59.000000', 19),
(1, 101, '2023-08-09 19:40:02.000000', 19),
(1, 101, '2023-08-09 19:49:01.000000', 19),
(1, 101, '2023-08-09 19:54:12.000000', 19),
(1, 101, '2023-08-09 19:55:31.000000', 19),
(1, 101, '2023-08-09 20:01:06.000000', 19),
(1, 101, '2023-08-09 20:08:43.000000', 19),
(1, 101, '2023-08-09 20:15:22.000000', 19),
(1, 101, '2023-08-09 20:18:06.000000', 19),
(1, 101, '2023-08-09 20:26:53.000000', 19),
(1, 101, '2023-08-09 20:31:50.000000', 19),
(1, 101, '2023-08-09 20:38:55.000000', 19),
(1, 101, '2023-08-09 20:40:57.000000', 19),
(1, 101, '2023-08-09 20:42:32.000000', 19),
(1, 101, '2023-08-09 20:45:52.000000', 19),
(1, 101, '2023-08-09 20:46:19.000000', 19),
(1, 101, '2023-08-09 20:46:36.000000', 19),
(1, 101, '2023-08-09 20:50:33.000000', 19),
(1, 101, '2023-08-09 20:54:38.000000', 19),
(1, 101, '2023-08-09 20:59:41.000000', 19),
(1, 101, '2023-08-09 21:04:13.000000', 19),
(1, 101, '2023-08-09 21:09:11.000000', 19),
(1, 101, '2023-08-09 21:12:36.000000', 19),
(1, 101, '2023-08-09 21:17:45.000000', 19),
(1, 101, '2023-08-09 21:21:37.000000', 19),
(1, 101, '2023-08-09 21:26:30.000000', 19),
(1, 101, '2023-08-09 21:31:19.000000', 19),
(1, 101, '2023-08-09 21:32:11.000000', 19),
(1, 101, '2023-08-09 21:37:27.000000', 19),
(1, 101, '2023-08-09 21:41:10.000000', 19),
(1, 101, '2023-08-09 21:47:12.000000', 19),
(1, 101, '2023-08-09 21:52:31.000000', 19),
(1, 101, '2023-08-09 21:58:30.000000', 19),
(1, 101, '2023-08-09 22:06:34.000000', 19),
(1, 101, '2023-08-09 22:07:25.000000', 19),
(1, 101, '2023-08-09 22:08:53.000000', 19),
(1, 101, '2023-08-09 22:09:01.000000', 19),
(1, 101, '2023-08-09 22:14:32.000000', 19),
(1, 101, '2023-08-09 22:19:25.000000', 19),
(1, 101, '2023-08-09 22:22:06.000000', 19),
(1, 101, '2023-08-09 22:27:13.000000', 19),
(1, 101, '2023-08-09 22:32:34.000000', 19),
(1, 101, '2023-08-09 22:37:32.000000', 19),
(1, 101, '2023-08-09 22:42:36.000000', 19),
(1, 101, '2023-08-09 22:47:22.000000', 19),
(1, 101, '2023-08-09 22:52:49.000000', 19),
(1, 101, '2023-08-09 22:58:10.000000', 19),
(1, 101, '2023-08-09 23:04:23.000000', 19),
(1, 101, '2023-08-09 23:04:36.000000', 19),
(1, 101, '2023-08-09 23:04:47.000000', 19),
(1, 101, '2023-08-09 23:05:25.000000', 19),
(1, 101, '2023-08-09 23:05:40.000000', 19),
(1, 101, '2023-08-10 10:16:07.000000', 19),
(1, 101, '2023-08-10 10:21:09.000000', 19),
(1, 101, '2023-08-10 10:21:20.000000', 19),
(1, 101, '2023-08-10 10:24:25.000000', 19),
(1, 101, '2023-08-10 10:25:19.000000', 19),
(1, 101, '2023-08-10 10:28:52.000000', 19),
(1, 101, '2023-08-10 10:29:16.000000', 19),
(1, 101, '2023-08-10 10:34:58.000000', 19),
(1, 101, '2023-08-10 10:37:15.000000', 19),
(1, 101, '2023-08-10 15:54:43.000000', 19),
(1, 101, '2023-08-10 15:58:58.000000', 19),
(1, 101, '2023-08-10 16:04:11.000000', 19),
(1, 101, '2023-08-10 16:09:07.000000', 19),
(1, 101, '2023-08-10 16:15:15.000000', 19),
(1, 101, '2023-08-10 16:19:40.000000', 19),
(1, 101, '2023-08-10 16:25:05.000000', 19),
(1, 101, '2023-08-10 16:29:17.000000', 19),
(1, 101, '2023-08-10 16:41:15.000000', 19),
(1, 101, '2023-08-10 16:46:57.000000', 19),
(1, 101, '2023-08-10 16:52:45.000000', 19),
(1, 101, '2023-08-10 16:58:46.000000', 19),
(1, 101, '2023-08-10 17:03:37.000000', 19),
(1, 101, '2023-08-10 17:10:31.000000', 19),
(1, 101, '2023-08-10 17:16:56.000000', 19),
(1, 101, '2023-08-10 17:21:53.000000', 19),
(1, 101, '2023-08-10 17:22:36.000000', 19),
(1, 101, '2023-08-10 17:28:33.000000', 19),
(1, 101, '2023-08-10 17:31:29.000000', 19),
(1, 101, '2023-08-10 17:37:21.000000', 19),
(1, 101, '2023-08-10 17:44:04.000000', 19),
(1, 101, '2023-08-10 17:49:19.000000', 19),
(1, 101, '2023-08-10 17:49:44.000000', 19),
(1, 101, '2023-08-10 17:55:56.000000', 19),
(1, 101, '2023-08-10 17:58:11.000000', 19),
(1, 101, '2023-08-10 18:09:00.000000', 19),
(1, 101, '2023-08-10 18:14:47.000000', 19),
(1, 101, '2023-08-10 18:20:39.000000', 19),
(1, 101, '2023-08-10 18:21:37.000000', 19),
(1, 101, '2023-08-10 18:27:18.000000', 19),
(1, 101, '2023-08-10 18:31:40.000000', 19),
(1, 101, '2023-08-10 18:38:04.000000', 19),
(1, 101, '2023-08-10 18:42:57.000000', 19),
(1, 101, '2023-08-10 18:45:42.000000', 19),
(1, 101, '2023-08-10 18:50:27.000000', 19),
(1, 101, '2023-08-10 18:51:05.000000', 19),
(1, 101, '2023-08-10 18:56:21.000000', 19),
(1, 101, '2023-08-10 18:56:28.000000', 19),
(1, 101, '2023-08-10 18:56:37.000000', 19),
(1, 101, '2023-08-10 19:00:11.000000', 19),
(1, 101, '2023-08-10 19:00:38.000000', 19),
(1, 101, '2023-08-10 19:00:45.000000', 19),
(1, 101, '2023-08-10 19:00:52.000000', 19),
(1, 101, '2023-08-10 19:01:01.000000', 19),
(1, 101, '2023-08-10 19:01:28.000000', 19),
(1, 101, '2023-08-10 19:04:21.000000', 19),
(1, 101, '2023-08-10 19:07:25.000000', 19),
(1, 101, '2023-08-10 19:07:34.000000', 19),
(1, 101, '2023-08-10 19:10:12.000000', 19),
(1, 101, '2023-08-10 19:25:10.000000', 19),
(1, 101, '2023-08-10 19:25:21.000000', 19),
(1, 101, '2023-08-10 19:25:29.000000', 19),
(1, 101, '2023-08-10 19:30:11.000000', 19),
(1, 101, '2023-08-10 19:30:34.000000', 19),
(1, 101, '2023-08-10 19:30:40.000000', 19),
(1, 101, '2023-08-10 19:33:34.000000', 19),
(1, 101, '2023-08-10 19:38:37.000000', 19),
(1, 101, '2023-08-10 19:38:53.000000', 19),
(1, 101, '2023-08-10 19:39:01.000000', 19),
(1, 101, '2023-08-10 19:41:45.000000', 19),
(1, 101, '2023-08-10 19:41:58.000000', 19),
(1, 101, '2023-08-10 19:42:12.000000', 19),
(1, 101, '2023-08-10 19:42:22.000000', 19),
(1, 101, '2023-08-10 19:42:35.000000', 19),
(1, 101, '2023-08-10 19:42:56.000000', 19),
(1, 101, '2023-08-10 19:43:06.000000', 19),
(1, 101, '2023-08-10 19:45:53.000000', 19),
(1, 101, '2023-08-10 19:46:25.000000', 19),
(1, 101, '2023-08-10 19:46:39.000000', 19),
(1, 101, '2023-08-10 19:46:59.000000', 19),
(1, 101, '2023-08-10 19:47:04.000000', 19),
(1, 101, '2023-08-10 19:51:04.000000', 19),
(1, 101, '2023-08-10 19:51:13.000000', 19),
(1, 101, '2023-08-10 19:54:08.000000', 19),
(1, 101, '2023-08-10 19:54:16.000000', 19),
(1, 101, '2023-08-10 19:55:08.000000', 19),
(1, 101, '2023-08-10 19:57:50.000000', 19),
(1, 101, '2023-08-10 19:58:02.000000', 19),
(1, 101, '2023-08-10 20:00:06.000000', 19),
(1, 101, '2023-08-10 20:00:11.000000', 19),
(1, 101, '2023-08-10 20:00:16.000000', 19),
(1, 101, '2023-08-10 20:03:31.000000', 19),
(1, 101, '2023-08-10 20:06:20.000000', 19),
(1, 101, '2023-08-10 20:06:25.000000', 19),
(1, 101, '2023-08-10 20:06:30.000000', 19),
(1, 101, '2023-08-10 20:06:41.000000', 19),
(1, 101, '2023-08-10 20:06:46.000000', 19),
(1, 101, '2023-08-10 20:06:54.000000', 19),
(1, 101, '2023-08-10 20:07:00.000000', 19),
(1, 101, '2023-08-10 20:07:05.000000', 19),
(1, 101, '2023-08-10 20:07:09.000000', 19),
(1, 101, '2023-08-10 20:08:25.000000', 19),
(1, 101, '2023-08-14 14:59:39.000000', 19),
(1, 101, '2023-08-14 15:03:00.000000', 19),
(1, 101, '2023-08-14 15:07:19.000000', 19),
(1, 101, '2023-08-14 15:12:12.000000', 19),
(1, 101, '2023-08-14 15:12:35.000000', 19),
(1, 101, '2023-08-14 15:12:41.000000', 19),
(1, 101, '2023-08-14 15:12:57.000000', 19),
(1, 101, '2023-08-14 15:16:18.000000', 19),
(1, 101, '2023-08-14 15:21:55.000000', 19),
(1, 101, '2023-08-14 15:21:59.000000', 19),
(1, 101, '2023-08-14 15:24:51.000000', 19),
(1, 101, '2023-08-14 15:27:13.000000', 19),
(1, 101, '2023-08-14 15:27:29.000000', 19),
(1, 101, '2023-08-14 15:29:45.000000', 19),
(1, 101, '2023-08-14 15:45:19.000000', 19),
(1, 101, '2023-08-14 15:51:48.000000', 19),
(1, 101, '2023-08-14 15:52:08.000000', 19),
(1, 101, '2023-08-14 15:57:20.000000', 19),
(1, 101, '2023-08-14 16:07:01.000000', 19),
(1, 101, '2023-08-14 16:11:34.000000', 19),
(1, 101, '2023-08-14 16:16:32.000000', 19),
(1, 101, '2023-08-14 16:21:07.000000', 19),
(1, 101, '2023-08-14 16:25:55.000000', 19),
(1, 101, '2023-08-14 16:31:06.000000', 19),
(1, 101, '2023-08-14 16:38:30.000000', 19),
(1, 101, '2023-08-14 16:45:14.000000', 19),
(1, 101, '2023-08-14 16:45:32.000000', 19),
(1, 101, '2023-08-14 16:51:28.000000', 19),
(1, 101, '2023-08-14 16:56:29.000000', 19),
(1, 101, '2023-08-14 16:56:40.000000', 19),
(1, 101, '2023-08-14 16:56:55.000000', 19),
(1, 101, '2023-08-14 17:02:22.000000', 19),
(1, 101, '2023-08-14 17:02:57.000000', 19),
(1, 101, '2023-08-14 17:03:04.000000', 19),
(1, 101, '2023-08-14 17:07:28.000000', 19),
(1, 101, '2023-08-14 17:14:06.000000', 19),
(1, 101, '2023-08-14 17:19:50.000000', 19),
(1, 101, '2023-08-14 17:22:13.000000', 19),
(1, 101, '2023-08-14 17:22:28.000000', 19),
(1, 101, '2023-08-14 17:22:52.000000', 19),
(1, 101, '2023-08-14 17:29:21.000000', 19),
(1, 101, '2023-08-14 17:29:30.000000', 19),
(1, 101, '2023-08-14 17:31:51.000000', 19),
(1, 101, '2023-08-14 17:36:03.000000', 19),
(1, 101, '2023-08-14 17:36:12.000000', 19),
(1, 101, '2023-08-14 17:37:52.000000', 19),
(1, 101, '2023-08-14 17:43:37.000000', 19),
(1, 101, '2023-08-14 17:49:20.000000', 19),
(1, 101, '2023-08-14 17:52:52.000000', 19),
(1, 101, '2023-08-14 17:57:05.000000', 19),
(1, 101, '2023-08-14 17:57:21.000000', 19),
(1, 101, '2023-08-14 18:39:21.000000', 19),
(1, 101, '2023-08-14 18:46:17.000000', 19),
(1, 101, '2023-08-14 18:47:15.000000', 19),
(1, 101, '2023-08-14 18:50:43.000000', 19),
(1, 101, '2023-08-14 18:54:16.000000', 19),
(1, 101, '2023-08-14 19:01:24.000000', 19),
(1, 101, '2023-08-14 19:07:27.000000', 19),
(1, 101, '2023-08-14 19:13:18.000000', 19),
(1, 101, '2023-08-14 19:19:20.000000', 19),
(1, 101, '2023-08-14 19:24:33.000000', 19),
(1, 101, '2023-08-14 19:31:16.000000', 19),
(1, 101, '2023-08-14 19:34:02.000000', 19),
(1, 101, '2023-08-14 19:40:02.000000', 19),
(1, 101, '2023-08-14 19:47:49.000000', 19),
(1, 101, '2023-08-14 19:51:06.000000', 19),
(1, 101, '2023-08-15 16:10:42.000000', 19),
(1, 101, '2023-08-15 16:15:21.000000', 19),
(1, 101, '2023-08-15 16:19:55.000000', 19),
(1, 101, '2023-08-15 16:20:05.000000', 19),
(1, 101, '2023-08-15 16:27:15.000000', 19),
(1, 101, '2023-08-15 16:32:31.000000', 19),
(1, 101, '2023-08-15 16:37:52.000000', 19),
(1, 101, '2023-08-15 16:43:14.000000', 19),
(1, 101, '2023-08-15 16:47:03.000000', 19),
(1, 101, '2023-08-15 16:53:17.000000', 19),
(1, 101, '2023-08-15 16:55:37.000000', 19),
(1, 101, '2023-08-15 16:59:43.000000', 19),
(1, 101, '2023-08-15 17:01:14.000000', 19),
(1, 101, '2023-08-15 17:07:21.000000', 19),
(1, 101, '2023-08-15 17:12:52.000000', 19),
(1, 101, '2023-08-15 17:18:51.000000', 19),
(1, 101, '2023-08-15 17:22:56.000000', 19),
(1, 101, '2023-08-15 17:28:31.000000', 19),
(1, 101, '2023-08-15 17:33:07.000000', 19),
(1, 101, '2023-08-15 17:33:22.000000', 19),
(1, 101, '2023-08-15 17:33:31.000000', 19),
(1, 101, '2023-08-15 17:38:40.000000', 19),
(1, 101, '2023-08-15 17:38:53.000000', 19),
(1, 101, '2023-08-15 17:42:51.000000', 19),
(1, 101, '2023-08-15 17:43:02.000000', 19),
(1, 101, '2023-08-15 17:43:44.000000', 19),
(1, 101, '2023-08-15 17:46:25.000000', 19),
(1, 101, '2023-08-15 17:47:40.000000', 19),
(1, 101, '2023-08-15 17:52:53.000000', 19),
(1, 101, '2023-08-15 17:59:23.000000', 19),
(1, 101, '2023-08-15 18:04:32.000000', 19),
(1, 101, '2023-08-15 18:11:22.000000', 19),
(1, 101, '2023-08-15 18:18:04.000000', 19),
(1, 101, '2023-08-15 18:23:46.000000', 19),
(1, 101, '2023-08-15 18:26:27.000000', 19),
(1, 101, '2023-08-15 18:33:47.000000', 19),
(1, 101, '2023-08-15 18:40:09.000000', 19),
(1, 101, '2023-08-15 18:46:40.000000', 19),
(1, 101, '2023-08-15 18:52:32.000000', 19),
(1, 101, '2023-08-15 18:58:54.000000', 19),
(1, 101, '2023-08-15 19:04:37.000000', 19),
(1, 101, '2023-08-15 19:08:43.000000', 19),
(1, 101, '2023-08-15 19:08:57.000000', 19),
(1, 101, '2023-08-15 19:14:37.000000', 19),
(1, 101, '2023-08-15 19:20:03.000000', 19),
(1, 101, '2023-08-15 19:20:17.000000', 19),
(1, 101, '2023-08-15 19:25:03.000000', 19),
(1, 101, '2023-08-15 19:30:02.000000', 19),
(1, 101, '2023-08-15 19:30:06.000000', 19),
(1, 101, '2023-08-15 19:30:21.000000', 19),
(1, 101, '2023-08-15 19:30:34.000000', 19),
(1, 101, '2023-08-15 19:36:29.000000', 19),
(1, 101, '2023-08-15 19:41:39.000000', 19),
(1, 101, '2023-08-15 19:46:39.000000', 19),
(1, 101, '2023-08-15 19:53:21.000000', 19),
(1, 101, '2023-08-15 20:00:08.000000', 19),
(1, 101, '2023-08-15 20:03:19.000000', 19),
(1, 101, '2023-08-15 20:03:29.000000', 19),
(1, 101, '2023-08-15 20:09:08.000000', 19),
(1, 101, '2023-08-15 20:16:05.000000', 19),
(1, 101, '2023-08-16 15:03:36.000000', 19),
(1, 101, '2023-08-16 15:07:40.000000', 19),
(1, 101, '2023-08-16 15:07:51.000000', 19),
(1, 101, '2023-08-16 15:12:45.000000', 19),
(1, 101, '2023-08-16 15:17:48.000000', 19),
(1, 101, '2023-08-16 15:21:09.000000', 19),
(1, 101, '2023-08-16 15:26:10.000000', 19),
(1, 101, '2023-08-16 15:31:34.000000', 19),
(1, 101, '2023-08-16 15:32:37.000000', 19),
(1, 101, '2023-08-16 15:35:57.000000', 19),
(1, 101, '2023-08-16 15:39:32.000000', 19),
(1, 101, '2023-08-16 15:44:36.000000', 19),
(1, 101, '2023-08-16 15:49:50.000000', 19),
(1, 101, '2023-08-16 15:54:44.000000', 19),
(1, 101, '2023-08-16 15:57:42.000000', 19),
(1, 101, '2023-08-16 16:03:39.000000', 19),
(1, 101, '2023-08-16 16:08:47.000000', 19),
(1, 101, '2023-08-16 16:13:45.000000', 19),
(1, 101, '2023-08-16 16:18:48.000000', 19),
(1, 101, '2023-08-16 16:24:13.000000', 19),
(1, 101, '2023-08-16 17:14:56.000000', 19),
(1, 101, '2023-08-16 17:16:06.000000', 19),
(1, 101, '2023-08-16 17:16:21.000000', 19),
(1, 101, '2023-08-16 17:19:04.000000', 19),
(1, 101, '2023-08-16 17:23:02.000000', 19),
(1, 101, '2023-08-16 17:28:56.000000', 19),
(1, 101, '2023-08-16 17:32:30.000000', 19),
(1, 101, '2023-08-16 17:35:33.000000', 19),
(1, 101, '2023-08-16 17:36:56.000000', 19),
(1, 101, '2023-08-16 17:42:04.000000', 19),
(1, 101, '2023-08-16 17:44:42.000000', 19),
(1, 101, '2023-08-16 17:49:46.000000', 19),
(1, 101, '2023-08-16 17:55:35.000000', 19),
(1, 101, '2023-08-16 17:58:42.000000', 19),
(1, 101, '2023-08-16 18:03:01.000000', 19),
(1, 101, '2023-08-16 18:08:41.000000', 19),
(1, 101, '2023-08-16 18:14:06.000000', 19),
(1, 101, '2023-08-16 18:18:56.000000', 19),
(1, 101, '2023-08-16 18:54:14.000000', 19),
(1, 101, '2023-08-16 18:59:41.000000', 19),
(1, 101, '2023-08-16 19:04:45.000000', 19),
(1, 101, '2023-08-16 19:09:53.000000', 19),
(1, 101, '2023-08-16 19:14:55.000000', 19),
(1, 101, '2023-08-16 19:19:16.000000', 19),
(1, 101, '2023-08-16 19:19:27.000000', 19),
(1, 101, '2023-08-16 19:19:47.000000', 19),
(1, 101, '2023-08-16 19:24:48.000000', 19),
(1, 101, '2023-08-16 19:30:50.000000', 19),
(1, 101, '2023-08-16 19:36:01.000000', 19),
(1, 101, '2023-08-16 19:41:24.000000', 19),
(1, 101, '2023-08-16 19:46:43.000000', 19),
(1, 101, '2023-08-16 19:52:01.000000', 19),
(1, 101, '2023-08-16 19:57:04.000000', 19),
(1, 101, '2023-08-16 19:59:02.000000', 19),
(1, 101, '2023-08-17 13:38:53.000000', 19),
(1, 101, '2023-08-17 13:43:21.000000', 19),
(1, 101, '2023-08-17 13:45:38.000000', 19),
(1, 101, '2023-08-17 13:50:21.000000', 19),
(1, 101, '2023-08-17 13:53:29.000000', 19),
(1, 101, '2023-08-17 13:58:35.000000', 19),
(1, 101, '2023-08-17 14:03:21.000000', 19),
(1, 101, '2023-08-17 14:08:26.000000', 19),
(1, 101, '2023-08-17 14:13:30.000000', 19),
(1, 101, '2023-08-17 14:19:01.000000', 19),
(1, 101, '2023-08-17 14:21:56.000000', 19),
(1, 101, '2023-08-17 14:36:49.000000', 19),
(1, 101, '2023-08-17 14:38:10.000000', 19),
(1, 101, '2023-08-17 14:45:20.000000', 19),
(1, 101, '2023-08-17 14:49:28.000000', 19),
(1, 101, '2023-08-17 14:54:02.000000', 19),
(1, 101, '2023-08-17 14:59:56.000000', 19),
(1, 101, '2023-08-17 15:06:09.000000', 19),
(1, 101, '2023-08-17 15:32:29.000000', 19),
(1, 101, '2023-08-17 15:32:34.000000', 19),
(1, 101, '2023-08-17 15:35:50.000000', 19),
(1, 101, '2023-08-17 15:41:13.000000', 19),
(1, 101, '2023-08-17 15:45:32.000000', 19),
(1, 101, '2023-08-17 15:48:41.000000', 19),
(1, 101, '2023-08-17 15:48:52.000000', 19),
(1, 101, '2023-08-17 15:49:11.000000', 19),
(1, 101, '2023-08-17 15:54:06.000000', 19),
(1, 101, '2023-08-17 15:59:34.000000', 19),
(1, 101, '2023-08-17 16:05:26.000000', 19),
(1, 101, '2023-08-17 16:09:17.000000', 19),
(1, 101, '2023-08-17 16:14:57.000000', 19),
(1, 101, '2023-08-17 16:19:59.000000', 19),
(1, 101, '2023-08-17 16:20:26.000000', 19),
(1, 101, '2023-08-17 16:23:44.000000', 19),
(1, 101, '2023-08-17 16:27:59.000000', 19),
(1, 101, '2023-08-17 16:32:15.000000', 19),
(1, 101, '2023-08-17 16:32:20.000000', 19),
(1, 101, '2023-08-17 16:38:12.000000', 19),
(1, 101, '2023-08-17 16:38:28.000000', 19),
(1, 101, '2023-08-17 16:41:16.000000', 19),
(1, 101, '2023-08-17 16:58:26.000000', 19),
(1, 101, '2023-08-17 20:02:42.000000', 19),
(1, 101, '2023-08-17 20:06:53.000000', 19),
(1, 101, '2023-08-17 20:09:12.000000', 19),
(1, 101, '2023-08-17 20:09:38.000000', 19),
(1, 101, '2023-08-17 20:09:50.000000', 19),
(1, 101, '2023-08-17 20:10:17.000000', 19),
(1, 101, '2023-08-17 20:13:34.000000', 19),
(1, 101, '2023-08-17 20:13:45.000000', 19),
(1, 101, '2023-08-17 20:18:58.000000', 19),
(1, 101, '2023-08-17 20:23:12.000000', 19),
(1, 101, '2023-08-17 20:28:21.000000', 19),
(1, 101, '2023-08-17 20:33:25.000000', 19),
(1, 101, '2023-08-17 20:39:40.000000', 19),
(1, 101, '2023-08-17 20:40:48.000000', 19),
(1, 101, '2023-08-17 20:45:07.000000', 19),
(1, 101, '2023-08-17 20:49:50.000000', 19),
(1, 101, '2023-08-17 20:53:40.000000', 19),
(1, 101, '2023-08-17 20:53:51.000000', 19),
(1, 101, '2023-08-17 20:59:13.000000', 19),
(1, 101, '2023-08-17 21:04:56.000000', 19),
(1, 101, '2023-08-17 21:08:28.000000', 19),
(1, 101, '2023-08-18 14:55:05.000000', 19),
(1, 101, '2023-08-18 14:55:11.000000', 19),
(1, 101, '2023-08-18 14:55:33.000000', 19),
(1, 101, '2023-08-18 14:58:00.000000', 19),
(1, 101, '2023-08-18 15:02:56.000000', 19),
(1, 101, '2023-08-18 15:03:16.000000', 19),
(1, 101, '2023-08-18 15:03:33.000000', 19),
(1, 101, '2023-08-18 15:07:14.000000', 19),
(1, 101, '2023-08-18 15:12:01.000000', 19),
(1, 101, '2023-08-18 15:15:33.000000', 19),
(1, 101, '2023-08-18 15:20:42.000000', 19),
(1, 101, '2023-08-18 15:24:34.000000', 19),
(1, 101, '2023-08-18 15:24:48.000000', 19),
(1, 101, '2023-08-18 15:29:03.000000', 19),
(1, 101, '2023-08-18 15:33:32.000000', 19),
(1, 101, '2023-08-18 15:38:27.000000', 19),
(1, 101, '2023-08-18 15:43:57.000000', 19),
(1, 101, '2023-08-18 15:51:14.000000', 19),
(1, 101, '2023-08-18 15:56:25.000000', 19),
(1, 101, '2023-08-18 15:59:10.000000', 19),
(1, 101, '2023-08-18 16:04:58.000000', 19),
(1, 101, '2023-08-18 16:10:18.000000', 19),
(1, 101, '2023-08-18 16:13:11.000000', 19),
(1, 101, '2023-08-18 16:13:30.000000', 19),
(1, 101, '2023-08-18 16:13:46.000000', 19),
(1, 101, '2023-08-18 16:17:51.000000', 19),
(1, 101, '2023-08-18 16:23:18.000000', 19),
(1, 101, '2023-08-18 16:28:01.000000', 19),
(1, 101, '2023-08-18 16:33:13.000000', 19),
(1, 101, '2023-08-18 16:33:40.000000', 19),
(1, 101, '2023-08-18 16:39:44.000000', 19),
(1, 101, '2023-08-18 16:45:33.000000', 19),
(1, 101, '2023-08-18 16:45:51.000000', 19),
(1, 101, '2023-08-18 16:50:35.000000', 19),
(1, 101, '2023-08-18 16:55:55.000000', 19),
(1, 101, '2023-08-18 17:01:12.000000', 19),
(1, 101, '2023-08-18 17:08:01.000000', 19),
(1, 101, '2023-08-18 17:10:05.000000', 19),
(1, 101, '2023-08-18 17:15:57.000000', 19),
(1, 101, '2023-08-18 17:19:01.000000', 19),
(1, 101, '2023-08-18 17:45:15.000000', 19),
(1, 101, '2023-08-18 17:45:25.000000', 19),
(1, 101, '2023-08-18 17:50:32.000000', 19),
(1, 101, '2023-08-18 17:54:34.000000', 19),
(1, 101, '2023-08-18 17:55:57.000000', 19),
(1, 101, '2023-08-18 18:01:28.000000', 19),
(1, 101, '2023-08-18 18:07:18.000000', 19),
(1, 101, '2023-08-18 18:14:03.000000', 19),
(1, 101, '2023-08-18 18:17:27.000000', 19),
(1, 101, '2023-08-18 18:23:39.000000', 19),
(1, 101, '2023-08-18 18:29:32.000000', 19),
(1, 101, '2023-08-18 18:29:46.000000', 19),
(1, 101, '2023-08-18 18:34:58.000000', 19),
(1, 101, '2023-08-18 18:40:25.000000', 19),
(1, 101, '2023-08-18 18:46:00.000000', 19),
(1, 101, '2023-08-18 18:49:09.000000', 19),
(1, 101, '2023-08-18 18:55:18.000000', 19),
(1, 101, '2023-08-18 19:00:21.000000', 19),
(1, 101, '2023-08-18 19:06:48.000000', 19),
(1, 101, '2023-08-18 19:08:33.000000', 19),
(1, 101, '2023-08-18 19:08:47.000000', 19),
(1, 101, '2023-08-18 19:14:42.000000', 19),
(1, 101, '2023-08-18 19:22:59.000000', 19),
(1, 101, '2023-08-18 19:23:51.000000', 19),
(1, 101, '2023-08-18 19:24:38.000000', 19),
(1, 101, '2023-08-18 19:28:10.000000', 19),
(1, 101, '2023-08-18 19:28:20.000000', 19),
(1, 101, '2023-08-18 19:29:51.000000', 19),
(1, 101, '2023-08-18 19:35:13.000000', 19),
(1, 123, '2023-08-20 08:52:45.000000', 19),
(1, 123, '2023-08-20 08:59:04.000000', 19),
(1, 123, '2023-08-20 08:59:07.000000', 19),
(1, 123, '2023-08-20 08:59:09.000000', 19),
(1, 123, '2023-08-20 08:59:10.000000', 19),
(1, 123, '2023-08-20 08:59:11.000000', 19),
(1, 123, '2023-08-20 09:10:59.000000', 19),
(1, 123, '2023-08-20 16:07:00.000000', 19),
(1, 123, '2023-08-20 16:11:28.000000', 19),
(1, 123, '2023-08-20 16:11:40.000000', 19),
(1, 123, '2023-08-20 16:12:20.000000', 19),
(1, 123, '2023-08-20 16:13:58.000000', 19),
(1, 123, '2023-08-20 16:17:28.000000', 19),
(1, 123, '2023-08-20 16:20:10.000000', 19),
(1, 123, '2023-08-20 16:21:11.000000', 19),
(1, 123, '2023-08-20 16:25:46.000000', 19),
(1, 123, '2023-08-20 16:30:04.000000', 19),
(1, 123, '2023-08-20 16:34:15.000000', 19),
(1, 123, '2023-08-20 16:36:44.000000', 19),
(1, 123, '2023-08-20 16:41:47.000000', 19),
(1, 123, '2023-08-20 16:50:05.000000', 19),
(1, 123, '2023-08-20 16:51:13.000000', 19),
(1, 123, '2023-08-20 16:51:24.000000', 19),
(1, 123, '2023-08-20 16:51:47.000000', 19),
(1, 123, '2023-08-20 16:52:17.000000', 19),
(1, 123, '2023-08-20 16:57:45.000000', 19),
(1, 123, '2023-08-20 17:01:14.000000', 19),
(1, 123, '2023-08-20 17:04:17.000000', 19),
(1, 123, '2023-08-20 17:07:18.000000', 19),
(1, 123, '2023-08-20 17:12:32.000000', 19),
(1, 123, '2023-08-20 17:15:22.000000', 19),
(1, 123, '2023-08-20 17:18:55.000000', 19),
(1, 123, '2023-08-20 17:21:57.000000', 19),
(1, 123, '2023-08-20 17:26:12.000000', 19),
(1, 123, '2023-08-20 17:31:18.000000', 19),
(1, 123, '2023-08-20 17:36:37.000000', 19),
(1, 123, '2023-08-20 17:41:01.000000', 19),
(1, 123, '2023-08-20 17:46:57.000000', 19),
(1, 123, '2023-08-20 17:53:08.000000', 19),
(1, 123, '2023-08-20 17:54:07.000000', 19),
(1, 123, '2023-08-20 17:54:15.000000', 19),
(1, 123, '2023-08-20 17:54:38.000000', 19),
(1, 123, '2023-08-20 17:59:19.000000', 19);

-- --------------------------------------------------------

--
-- Table structure for table `tbl_timer`
--

CREATE TABLE `tbl_timer` (
  `timer_id` int(11) NOT NULL,
  `timer_name` varchar(100) NOT NULL,
  `id` int(11) NOT NULL
) ENGINE=InnoDB DEFAULT CHARSET=utf8mb4 COLLATE=utf8mb4_general_ci;

--
-- Dumping data for table `tbl_timer`
--

INSERT INTO `tbl_timer` (`timer_id`, `timer_name`, `id`) VALUES
(87, '', 14),
(96, '', 18),
(97, '', 14),
(98, '', 14),
(101, 'Uolo V2', 19),
(104, 'Hello', 24),
(105, 'Tiemer', 24),
(109, 'Faerare', 76),
(110, 'Faerareafawe', 76),
(123, 'TestJoin', 58),
(125, 'One Last Try', 58),
(126, 'Test Jhomar', 58);

-- --------------------------------------------------------

--
-- Table structure for table `tbl_timer_session`
--

CREATE TABLE `tbl_timer_session` (
  `session_start` timestamp(6) NOT NULL DEFAULT current_timestamp(6),
  `session_end` timestamp(6) NOT NULL DEFAULT current_timestamp(6),
  `session_start_value` int(100) NOT NULL,
  `session_end_value` int(100) NOT NULL,
  `timer_id` int(100) NOT NULL,
  `user_id` int(100) NOT NULL,
  `id` bigint(225) NOT NULL
) ENGINE=InnoDB DEFAULT CHARSET=utf8mb4 COLLATE=utf8mb4_general_ci;

--
-- Dumping data for table `tbl_timer_session`
--

INSERT INTO `tbl_timer_session` (`session_start`, `session_end`, `session_start_value`, `session_end_value`, `timer_id`, `user_id`, `id`) VALUES
('2023-08-03 16:17:07.000000', '2023-08-03 18:39:48.000000', 17, 159, 101, 19, 1012384177),
('2023-08-02 16:10:15.000000', '2023-08-02 17:28:17.000000', 10, 88, 101, 19, 10123831015),
('2023-08-02 22:57:00.000000', '2023-08-03 00:05:12.000000', 417, 485, 101, 19, 10123834170),
('2023-08-02 17:31:57.000000', '2023-08-02 17:53:37.000000', 91, 113, 101, 19, 10123839157),
('2023-08-04 19:06:05.000000', '2023-08-04 19:15:41.000000', 186, 195, 101, 19, 10123851865),
('2023-08-04 17:12:14.000000', '2023-08-04 19:01:46.000000', 72, 181, 101, 19, 10123857214),
('2023-08-06 05:50:07.000000', '2023-08-06 05:50:09.000000', 830, 830, 101, 0, 10123868307),
('2023-08-07 20:04:06.000000', '2023-08-07 20:43:14.000000', 244, 283, 101, 19, 10123882446),
('2023-08-08 18:36:00.000000', '2023-08-08 19:37:02.000000', 156, 217, 101, 19, 10123891560),
('2023-08-08 17:11:25.000000', '2023-08-08 18:32:05.000000', 71, 152, 101, 19, 10123897125),
('2023-08-20 16:01:56.000000', '2023-08-20 16:41:47.000000', 1, 41, 123, 19, 12323821156),
('2023-07-26 16:22:21.000000', '2023-07-26 16:23:01.000000', 22, 23, 87, 14, 87237272221),
('2023-07-27 05:34:09.000000', '2023-07-27 05:34:17.000000', 814, 814, 87, 14, 87237278149),
('2023-07-28 07:23:00.000000', '2023-07-28 07:51:29.000000', 923, 951, 87, 14, 87237289230),
('2023-07-26 20:29:06.000000', '2023-07-26 20:52:58.000000', 269, 292, 96, 18, 96237272696),
('2023-07-27 21:14:00.000000', '2023-07-27 22:38:01.000000', 314, 398, 96, 18, 96237283140),
('2023-07-28 20:53:08.000000', '2023-07-28 21:56:56.000000', 293, 356, 101, 19, 101237292938),
('2023-07-30 18:41:01.000000', '2023-07-30 22:46:43.000000', 161, 406, 101, 19, 101237311611),
('2023-08-10 16:40:53.000000', '2023-08-10 17:58:11.000000', 40, 118, 101, 19, 101238114053),
('2023-08-15 16:10:29.000000', '2023-08-15 20:16:05.000000', 10, 256, 101, 19, 101238161029),
('2023-08-16 18:50:06.000000', '2023-08-16 19:59:02.000000', 170, 239, 101, 19, 101238171706),
('2023-08-16 17:10:48.000000', '2023-08-16 18:18:56.000000', 70, 138, 101, 19, 101238177048),
('2023-08-17 16:52:45.000000', '2023-08-17 16:58:26.000000', 52, 58, 101, 19, 101238185245),
('2023-08-18 17:39:54.000000', '2023-08-18 18:49:09.000000', 99, 169, 101, 19, 101238199954),
('2023-08-01 18:23:58.000000', '2023-08-01 18:46:10.000000', 143, 166, 101, 19, 101238214358),
('2023-08-03 18:51:52.000000', '2023-08-03 19:26:34.000000', 171, 206, 101, 19, 101238417152),
('2023-08-03 19:30:19.000000', '2023-08-03 19:58:41.000000', 210, 238, 101, 19, 101238421019),
('2023-08-04 03:41:22.000000', '2023-08-04 05:00:07.000000', 701, 780, 101, 19, 101238470122),
('2023-08-04 05:02:36.000000', '2023-08-04 05:29:12.000000', 782, 809, 101, 19, 101238478236),
('2023-08-04 05:33:31.000000', '2023-08-04 06:11:52.000000', 813, 851, 101, 19, 101238481331),
('2023-08-04 19:40:48.000000', '2023-08-04 19:59:38.000000', 220, 239, 101, 19, 101238522048),
('2023-08-08 15:41:08.000000', '2023-08-08 15:44:28.813283', 1421, 0, 101, 19, 101238814218),
('2023-08-07 18:45:24.000000', '2023-08-07 19:53:35.000000', 165, 233, 101, 19, 101238816524),
('2023-08-08 20:02:32.000000', '2023-08-08 20:59:01.000000', 242, 299, 101, 19, 101238924232),
('2023-08-08 21:03:28.000000', '2023-08-08 21:33:59.000000', 303, 333, 101, 19, 101238930328),
('2023-08-20 16:48:27.000000', '2023-08-20 17:59:19.000000', 48, 119, 123, 19, 123238214827),
('2023-07-27 05:43:17.000000', '2023-07-27 05:43:21.000000', 823, 823, 87, 14, 872372782317),
('2023-07-28 07:08:58.000000', '2023-07-28 07:17:21.000000', 908, 917, 87, 14, 872372890858),
('2023-07-28 07:17:29.000000', '2023-07-28 07:22:27.000000', 917, 922, 87, 14, 872372891729),
('2023-07-26 20:26:26.000000', '2023-07-26 20:29:05.000000', 266, 269, 96, 18, 962372726626),
('2023-07-27 03:25:33.000000', '2023-07-27 03:25:51.000000', 685, 685, 96, 18, 962372768533),
('2023-07-27 19:34:51.000000', '2023-07-27 20:56:50.000000', 214, 296, 96, 18, 962372821451),
('2023-07-27 21:03:37.000000', '2023-07-27 21:13:38.000000', 303, 313, 96, 0, 962372830337),
('2023-07-28 01:04:19.000000', '2023-07-28 01:04:27.000000', 544, 544, 96, 18, 962372854419),
('2023-07-28 19:21:56.000000', '2023-07-28 19:45:12.000000', 201, 225, 101, 19, 1012372920156),
('2023-07-28 21:56:57.000000', '2023-07-28 22:15:56.000000', 356, 375, 101, 19, 1012372935657),
('2023-07-29 01:18:34.000000', '2023-07-29 01:18:58.000000', 558, 558, 101, 19, 1012372955834),
('2023-07-29 01:19:14.000000', '2023-07-29 01:19:24.000000', 559, 559, 101, 19, 1012372955914),
('2023-08-09 19:34:23.000000', '2023-08-09 23:05:40.000000', 214, 425, 101, 19, 1012381021423),
('2023-08-10 18:02:55.000000', '2023-08-10 19:10:12.000000', 122, 190, 101, 19, 1012381112255),
('2023-08-10 19:22:20.000000', '2023-08-10 20:08:25.000000', 202, 248, 101, 19, 1012381120220),
('2023-08-01 14:58:52.000000', '2023-08-01 18:18:54.000000', 1378, 138, 101, 19, 1012381137852),
('2023-08-14 18:33:54.000000', '2023-08-14 19:51:06.000000', 153, 231, 101, 19, 1012381515354),
('2023-08-17 13:34:02.000000', '2023-08-17 14:21:56.000000', 1294, 1341, 101, 19, 1012381712942),
('2023-08-18 14:55:02.000000', '2023-08-18 17:19:01.000000', 1375, 79, 101, 19, 1012381813752),
('2023-08-17 19:57:39.000000', '2023-08-17 21:08:28.000000', 237, 308, 101, 19, 1012381823739),
('2023-08-18 18:52:30.000000', '2023-08-18 19:35:13.000000', 172, 215, 101, 19, 1012381917230),
('2023-08-04 15:46:21.000000', '2023-08-04 16:55:44.000000', 1426, 55, 101, 19, 1012384142621),
('2023-08-07 14:12:25.000000', '2023-08-07 15:43:26.000000', 1332, 1423, 101, 19, 1012387133225),
('2023-08-07 15:50:21.000000', '2023-08-07 16:41:25.000000', 1430, 41, 101, 19, 1012387143021),
('2023-08-08 15:53:21.000000', '2023-08-08 15:54:22.000000', 1433, 1434, 101, 19, 1012388143321),
('2023-07-31 12:13:05.000000', '2023-07-31 12:15:47.000000', 1213, 1215, 104, 24, 1042373112135),
('2023-08-20 08:59:02.000000', '2023-08-20 08:59:04.000000', 1019, 1019, 123, 19, 1232382010192),
('2023-08-20 08:59:06.000000', '2023-08-20 08:59:07.000000', 1019, 1019, 123, 19, 1232382010196),
('2023-08-20 08:59:08.000000', '2023-08-20 08:59:09.000000', 1019, 1019, 123, 19, 1232382010198),
('2023-08-20 08:59:09.000000', '2023-08-20 08:59:10.000000', 1019, 1019, 123, 19, 1232382010199),
('2023-07-28 14:20:11.000000', '2023-07-28 15:25:18.000000', 1340, 1405, 101, 19, 10123728134011),
('2023-07-28 15:45:27.000000', '2023-07-28 16:45:49.000000', 1425, 45, 101, 19, 10123728142527),
('2023-07-31 12:03:56.000000', '2023-07-31 12:04:20.000000', 1203, 1204, 101, 19, 10123731120356),
('2023-07-31 12:04:46.000000', '2023-07-31 12:04:48.000000', 1204, 1204, 101, 19, 10123731120446),
('2023-08-10 10:13:17.000000', '2023-08-10 10:37:15.000000', 1093, 1117, 101, 19, 10123810109317),
('2023-08-10 15:49:19.000000', '2023-08-10 16:29:17.000000', 1429, 29, 101, 19, 10123810142919),
('2023-08-14 14:57:20.000000', '2023-08-14 15:29:45.000000', 1377, 1409, 101, 19, 10123814137720),
('2023-08-14 15:40:58.000000', '2023-08-14 17:57:21.000000', 1420, 117, 101, 19, 10123814142058),
('2023-08-16 15:02:20.000000', '2023-08-16 16:24:13.000000', 1382, 24, 101, 19, 10123816138220),
('2023-08-17 14:31:10.000000', '2023-08-17 15:06:09.000000', 1351, 1386, 101, 19, 10123817135110),
('2023-08-17 15:28:31.000000', '2023-08-17 16:41:16.000000', 1408, 41, 101, 19, 10123817140831),
('2023-07-31 12:17:32.000000', '2023-07-31 12:18:11.000000', 1217, 1218, 104, 24, 10423731121732),
('2023-07-31 12:18:13.000000', '2023-07-31 12:18:16.000000', 1218, 1218, 104, 24, 10423731121813),
('2023-08-20 08:52:16.000000', '2023-08-20 08:52:45.000000', 1012, 1012, 123, 19, 12323820101216),
('2023-08-20 08:59:11.000000', '2023-08-20 09:10:59.000000', 1019, 1030, 123, 19, 12323820101911);

-- --------------------------------------------------------

--
-- Table structure for table `tbl_users`
--

CREATE TABLE `tbl_users` (
  `id` int(11) NOT NULL,
  `fname` varchar(100) NOT NULL,
  `lname` varchar(100) NOT NULL,
  `username` varchar(100) NOT NULL,
  `password` text NOT NULL,
  `is_active` int(11) NOT NULL,
  `account_level` int(10) NOT NULL,
  `is_online` int(11) NOT NULL DEFAULT 0,
  `image_path` varchar(100) NOT NULL DEFAULT '../../assets/img/upload-image-icon-png-26.jpg',
  `added_by` int(11) NOT NULL DEFAULT 0
) ENGINE=InnoDB DEFAULT CHARSET=utf8mb4 COLLATE=utf8mb4_general_ci;

--
-- Dumping data for table `tbl_users`
--

INSERT INTO `tbl_users` (`id`, `fname`, `lname`, `username`, `password`, `is_active`, `account_level`, `is_online`, `image_path`, `added_by`) VALUES
(14, 'Test', 'Account', 'admin3@123.com', '$2y$10$HlY5511LSzB3tCBIcl6s1ei7hxsmwl.b6/qHQyJCzp9YDdfmoolgu', 1, 1, 0, 'https://res.cloudinary.com/ddkq0s159/image/upload/v1691291764/upload-image-icon-png-26_b4hzut.png', 0),
(18, 'Jhomar', 'Altesin', 'jhoms', '$2y$10$xEeFLOVo3TUq2uOgqYfpXujDzMTS4ne4uP410G/ZTnv/2OsbcUF4O', 1, 1, 0, 'https://res.cloudinary.com/ddkq0s159/image/upload/v1691291764/upload-image-icon-png-26_b4hzut.png', 0),
(19, 'Jhomar', 'Altesin', 'jhom', '$2y$10$ML4assjBwRSqb3.MULBFIOcum.zggjMu0xKJYiulUl9ct2pntCJau', 1, 1, 1, '../../upload/19.png', 0),
(20, 'jhoms', 'alts', 'jhoms@alts.com', '$2y$10$ciNBSMCuwcPD2I8a6lJHm.eaAZJWLldGc9NNZnZ6YAPY/SCjwxt9W', 1, 1, 0, 'https://res.cloudinary.com/ddkq0s159/image/upload/v1691291764/upload-image-icon-png-26_b4hzut.png', 0),
(21, 'Jhomar', 'Altesin', 'jhomar.altesin@gmail.com', '$2y$10$NSwh9HXx03uihyImOLpMveHEY8A9PL0DYT53Rr8Tz/ub7Fod3x5gC', 1, 1, 0, 'https://res.cloudinary.com/ddkq0s159/image/upload/v1691291764/upload-image-icon-png-26_b4hzut.png', 0),
(22, 'asdawe', 'afaweaw', 'acawerr123512', '$2y$10$RaGXV8YlIxKsQoIw3glcauBIOsYHe0cMDsI3Ju4ORlE2jX2hucqrK', 1, 1, 0, 'https://res.cloudinary.com/ddkq0s159/image/upload/v1691291764/upload-image-icon-png-26_b4hzut.png', 0),
(23, 'asdawasd', 'asdaw', 'asaw', '$2y$10$kX0oUJN1mge3PKuB0INRpuikcR9Vn3Nx1E4Q3IuuDUDVoWg6ZAvoq', 1, 1, 0, 'https://res.cloudinary.com/ddkq0s159/image/upload/v1691291764/upload-image-icon-png-26_b4hzut.png', 0),
(24, 'jhoms', 'alts', 'jhomsjhoms', '$2y$10$zqLW.jD6.sKNZQ9AOmLGEexwngQZcsPZr6.zXQzU0XGKznU.w2wkS', 1, 1, 0, 'https://res.cloudinary.com/ddkq0s159/image/upload/v1691291764/upload-image-icon-png-26_b4hzut.png', 0),
(25, 'asdawe', 'asdawe', 'asdeawe', '$2y$10$1TzHBqBig3tCoSDNezv3I.7pvvK7Ch9RVFPd7VIaQLbGX6UTTE5z2', 1, 1, 0, 'https://res.cloudinary.com/ddkq0s159/image/upload/v1691291764/upload-image-icon-png-26_b4hzut.png', 0),
(26, 'asdaw', 'easdaw', 'eawdas', '$2y$10$GKpwax.k/3V9lOBE1oal2uMgaqjmqqUYLBBfNWGexalw/3Jh4b7Ry', 1, 1, 0, 'https://res.cloudinary.com/ddkq0s159/image/upload/v1691291764/upload-image-icon-png-26_b4hzut.png', 0),
(27, 'asdasd', 'asdasda', '1234', '$2y$10$4HIuKuhwLfk6EDnq/2vrR.eQIn9iAf1C39lohtKGj1afS1AFX4ER.', 1, 1, 0, 'https://res.cloudinary.com/ddkq0s159/image/upload/v1691291764/upload-image-icon-png-26_b4hzut.png', 0),
(28, 'asfsad', 'asdasd', '2134', '$2y$10$Ke8qmNnJ2R4Y45FHXjQwHeDZE.GhSS3mYWavRRSPe/XwdmpuaYe5.', 1, 1, 0, 'https://res.cloudinary.com/ddkq0s159/image/upload/v1691291764/upload-image-icon-png-26_b4hzut.png', 0),
(29, 'aaweaw', 'asdawe', 'asdgaweawe', '$2y$10$MFgqtW3hGku3OoCqISJ8lO5QQ5CfTL9LvKFvJesvzPy9NzIzo2IEC', 1, 1, 0, 'https://res.cloudinary.com/ddkq0s159/image/upload/v1691291764/upload-image-icon-png-26_b4hzut.png', 0),
(30, 'hahaha', 'adfaweawe', 'aweaweawe', '$2y$10$gIf0zlz.EQWit9NWw.bjBOmD6aCvfY42oxDpPpySVrxOvnpeZvwdS', 1, 1, 0, 'https://res.cloudinary.com/ddkq0s159/image/upload/v1691291764/upload-image-icon-png-26_b4hzut.png', 0),
(31, 'asdawe', 'aweawea', 'aawasdsa', '$2y$10$Rz2/gA/sKXQcj1VSJYAGEe6sBHOx1j8LH281BURWpytP5sC.hYf.C', 1, 1, 0, 'https://res.cloudinary.com/ddkq0s159/image/upload/v1691291764/upload-image-icon-png-26_b4hzut.png', 0),
(32, 'gasdawe', 'aweawe', 'dvaweawe', '$2y$10$PEK4EfxpUqAo5KZJJPwTLOlGgpMh9MhZKp1CE/uHApEuHhgFlUcLG', 1, 1, 0, 'https://res.cloudinary.com/ddkq0s159/image/upload/v1691291764/upload-image-icon-png-26_b4hzut.png', 0),
(33, 'haweaw', 'aweaweasd', 'ascasdawe', '$2y$10$IRdGxCjBh16aDDoVOrZIz.96bQRY9CkJJwKKl44thHPYU2P.8hQtO', 1, 1, 0, 'https://res.cloudinary.com/ddkq0s159/image/upload/v1691291764/upload-image-icon-png-26_b4hzut.png', 0),
(34, 'gaxcae', 'aweawea', 'acaswdeawfraw', '$2y$10$6XNjqG.J5mdAE5DmOMUOvOAeGlEO8U1hmzFeCP0/4eU3PD7Zj8FBa', 1, 1, 0, 'https://res.cloudinary.com/ddkq0s159/image/upload/v1691291764/upload-image-icon-png-26_b4hzut.png', 0),
(35, 'fawe', 'asdafa', 'dcasweawe', '$2y$10$sKo2GcL5F6cjEJlbI/zq3u8xFRI09ZhqzZG2Tjy13afeDqWNNfiAS', 1, 1, 0, 'https://res.cloudinary.com/ddkq0s159/image/upload/v1691291764/upload-image-icon-png-26_b4hzut.png', 0),
(36, 'gascdas', 'vfasdaweaw', 'eafasdfadw', '$2y$10$SP5B38tjutD918svvXVAh.esn2uXKVA6kbhP3/4rTbRRCaK1M04de', 1, 1, 0, 'https://res.cloudinary.com/ddkq0s159/image/upload/v1691291764/upload-image-icon-png-26_b4hzut.png', 0),
(37, 'bvgasdfawe', 'acdasasdasd', 'svszadfaswdeawe', '$2y$10$JIATjSKt.TIQymI97k7/7uQ8.pDl.r2kymVldPp2ya.I/e1E2mZ6K', 1, 1, 0, 'https://res.cloudinary.com/ddkq0s159/image/upload/v1691291764/upload-image-icon-png-26_b4hzut.png', 0),
(38, 'vacdwae', 'awfasdcfasdas', 'd123123asd', '$2y$10$MoQSkqGecxDudqin97Bv3Oynry9.aJLQH6f6Q5YeVM101ukOxbDPq', 1, 1, 0, 'https://res.cloudinary.com/ddkq0s159/image/upload/v1691291764/upload-image-icon-png-26_b4hzut.png', 0),
(39, 'dvadsweawde', 'xvasdaw', 'vasdawed', '$2y$10$IMl7UWiA1MIxzrkvnz7FGuraowev90m3WdzgghWOCtgZuE3fF5iV.', 1, 1, 0, 'https://res.cloudinary.com/ddkq0s159/image/upload/v1691291764/upload-image-icon-png-26_b4hzut.png', 0),
(40, 'hasda', 'wedawdawea', 'vadzvfadesa', '$2y$10$4H6f0Yuvli2/HB22Gf5mpen2BBXoIaw5Q1hkJlSNXL1wP0Og42jWW', 1, 1, 0, 'https://res.cloudinary.com/ddkq0s159/image/upload/v1691291764/upload-image-icon-png-26_b4hzut.png', 0),
(41, 'cvadfaw', 'dfaweawe', 'aasdasdawfadadcas', '$2y$10$DFJ52vS4iA.BGf3GuY/G9utxxHOvv5mK.8e23b3BloDhzSJT2hqze', 1, 1, 0, 'https://res.cloudinary.com/ddkq0s159/image/upload/v1691291764/upload-image-icon-png-26_b4hzut.png', 0),
(42, 'sxcvawdeafa', 'advaweawr', 'axagadgfaweaw', '$2y$10$mQtPD9I9JvMq.B8JQ.pr.uNOA3XEI64sCnUjn9ULZgD6ehw5qmqjq', 1, 1, 0, 'https://res.cloudinary.com/ddkq0s159/image/upload/v1691291764/upload-image-icon-png-26_b4hzut.png', 0),
(43, 'basdfawraf', 'adfawea', 'wafgadasfa', '$2y$10$G1kUnjX0GreJANJpFdNn2O7y3YBl/w8JokezDcGv4wqf9b5.Smw.i', 1, 1, 0, 'https://res.cloudinary.com/ddkq0s159/image/upload/v1691291764/upload-image-icon-png-26_b4hzut.png', 0),
(44, 'basfawe', 'awrfawf', 'afasdasd', '$2y$10$dgKsbSUamZJiDd1dAEnaguk75auJo.BmLkPM6blCAkBsrFlG31dHW', 1, 1, 0, 'https://res.cloudinary.com/ddkq0s159/image/upload/v1691291764/upload-image-icon-png-26_b4hzut.png', 0),
(45, 'basfawe', 'awrfawf', 'afasdasdsvs', '$2y$10$zRTW1ZzaOUC/I9syer4xjei1wQpzAMO7zZLx5vLXZnNhLtyVZ8rfi', 1, 1, 0, 'https://res.cloudinary.com/ddkq0s159/image/upload/v1691291764/upload-image-icon-png-26_b4hzut.png', 0),
(46, 'dvfbharfawea', 'dgfafawrtaw', 'vadsfasdawe', '$2y$10$C9DgERIextpc2kRnUMHbS.Dj6wOznqT.5gicNaDwj/EMHKRRtKULe', 1, 1, 0, 'https://res.cloudinary.com/ddkq0s159/image/upload/v1691291764/upload-image-icon-png-26_b4hzut.png', 0),
(47, 'dbfgafr', 'awfascf', 'aasfasdasd', '$2y$10$5XulXWFzHzs.VbVcfBDQCutnRQHi71bhQ7sEOZ25bzMJKwZikvoZS', 1, 1, 0, 'https://res.cloudinary.com/ddkq0s159/image/upload/v1691291764/upload-image-icon-png-26_b4hzut.png', 0),
(48, 'fhesrfa', 'wefrawdrawr', 'adfsasfdawe', '$2y$10$X.1T87K5zCPl1JxinebMIe6VWbvWkJyJQo..VveivxMPSE00MesX2', 1, 1, 0, 'https://res.cloudinary.com/ddkq0s159/image/upload/v1691291764/upload-image-icon-png-26_b4hzut.png', 0),
(49, 'fhbgsgftawr', 'tawfgafva', 'dvadafawre', '$2y$10$EWwi64q.ltjcKWwbR2JWKe3beSniSgxY9VTdN.iBBuVjCDrpzYnj2', 1, 1, 0, 'https://res.cloudinary.com/ddkq0s159/image/upload/v1691291764/upload-image-icon-png-26_b4hzut.png', 0),
(50, 'dbfgafrs', 'awfascf', 'aasfasdasddsf', '$2y$10$tL62ourQssdERqNiQut/aOUUcujHs7qFZduCkxu4K0mnY6VCdPMhq', 1, 1, 0, 'https://res.cloudinary.com/ddkq0s159/image/upload/v1691291764/upload-image-icon-png-26_b4hzut.png', 0),
(51, 'asdawe', 'asfasdfaf', 'cbvgadvfaweawe', '$2y$10$rBW1afJ.skkeCKzC5arzlemHvrIwSj1jxjl0OOt11z064pWMheb3e', 1, 1, 0, 'https://res.cloudinary.com/ddkq0s159/image/upload/v1691291764/upload-image-icon-png-26_b4hzut.png', 0),
(52, 'asfawe', 'aweafawe', 'cfawrawr123', '$2y$10$vpDWDuuWDoEfqMEsGou5Su8PInIF.cXLgq.IZk/IeMaPaEfcNj/aK', 1, 1, 0, 'https://res.cloudinary.com/ddkq0s159/image/upload/v1691291764/upload-image-icon-png-26_b4hzut.png', 0),
(53, 'gadfa', 'weaweaw', 'ea123123', '$2y$10$XOswg4OpJg2EANDh7KhEX.hw8waWSQdfCtEwVH0hWzLa8sucI7DUW', 1, 1, 0, 'https://res.cloudinary.com/ddkq0s159/image/upload/v1691291764/upload-image-icon-png-26_b4hzut.png', 0),
(54, 'fgskjrea', 'kljaskldjawe', 'larewawea', '$2y$10$E3PVtH2HVoltfmhTWZU47etKPLZXA48mZVW0qO.sLtioX9Taf1zBi', 1, 1, 0, '../../assets/img/upload-image-icon-png-26.jpg', 0),
(55, 'asdawed', 'aweafwra', 'testadmin123', '$2y$10$ECfHu93D6y2Ypvs22JunGuiGivZBDpgoo4ZPWvIT0O9prKM9n4eV2', 1, 2, 0, '../../assets/img/upload-image-icon-png-26.jpg', 0),
(56, 'ladjsawelak', 'lajsdlkjawe', 'testadmin1', '$2y$10$Sue.3VyQ6teP8sZRtq5HyucglDH2QGFnWr83H2MWEISnasz5QSfTG', 1, 2, 0, '../../assets/img/upload-image-icon-png-26.jpg', 0),
(57, 'sdfawea', 'sfaweaw', 'testuser123', '$2y$10$7L0fYG6iwjDA.CFjGWI5hO3339yavlY8QpNByxNSCqM5znSynJnN.', 1, 1, 0, '../../assets/img/upload-image-icon-png-26.jpg', 0),
(58, 'asdawe', 'asdaweawe', 'testadmin', '$2y$10$KTG/etgYrytKF2kuhGBTCeIVDV1G9QPQHRfDxznVXLLDgoHjQNY2m', 1, 2, 0, '../../assets/img/upload-image-icon-png-26.jpg', 0),
(59, 'testcreating', 'testcreatingtestcreating', 'testcreatingtestcreatingtestcreating', '$2y$10$7UpkxXaucpruTsH3GVsPVuUcCyHMyQdKAAmsIkIdF8j5UpVDtu8FG', 0, 3, 0, '../../assets/img/upload-image-icon-png-26.jpg', 0),
(60, 'test2foruser', 'test2forusertest2foruser', 'test2forusertest2foruser', '$2y$10$/FfohRT3KBVjLRLr7.jGVupvvpJxPT/OZ9.905ZB6yLq4nqNhRTFi', 0, 3, 0, '../../assets/img/upload-image-icon-png-26.jpg', 0),
(61, 'testcreateuser3', 'testcreateuser3testcreateuser3', 'testcreateuser3', '$2y$10$z4eubgBwvbGPAOAu4l5VzeId5ogoW9bdd.4hCHsyPb19xEG5Q.mrC', 0, 3, 0, '../../assets/img/upload-image-icon-png-26.jpg', 0),
(62, 'testaddedby', 'testaddedby', 'testaddedby', '$2y$10$cjh1ZREkfd54wMnuJxLque2gVAbOB3A2caH9VuscqHiSG08j.gsMe', 0, 3, 0, '../../assets/img/upload-image-icon-png-26.jpg', 58),
(63, 'testindexauto', 'testindexauto', 'testindexauto', '$2y$10$1vrSVBY.ZQRiRrDHaWr5PuiQxPyaiFr3iyI9w0pjUZ3EIZfq4SR0S', 0, 3, 0, '../../assets/img/upload-image-icon-png-26.jpg', 58),
(64, 'testindexauto2', 'testindexauto2', 'testindexauto2', '$2y$10$YfzOLXg/m0yZMXPOzWOWM.Ewqng7RRvXHxMW8MvRlTVec2WyHXHuy', 0, 3, 0, '../../assets/img/upload-image-icon-png-26.jpg', 58),
(65, 'testindexauto3', 'testindexauto3', 'testindexauto3', '$2y$10$x7zuyuL6sCgPjbSVsHl9BeObQjhYKp0bUa7gwsdwK48W9zOeHALDO', 0, 3, 0, '../../assets/img/upload-image-icon-png-26.jpg', 58),
(66, 'testindexauto4', 'testindexauto4', 'testindexauto4', '$2y$10$aL1c5BofITRlYXNuOHP0sOSX7JSV9dfWH8SHKj6RlBalaRvoFvXVu', 0, 3, 0, '../../assets/img/upload-image-icon-png-26.jpg', 58),
(67, 'testindexauto5', 'testindexauto5', 'testindexauto5', '$2y$10$OQ/DoN7cH8OG3O2Sc9YhhuowF04fHVJDS/Y40Z1cbEtgVojDzj.9C', 0, 3, 0, '../../assets/img/upload-image-icon-png-26.jpg', 58),
(68, 'testindexauto6', 'testindexauto6', 'testindexauto6', '$2y$10$2DaMB7yZjqTXITppoF.VouZegi3sBQ.MJhIF4Q/hPweVNT2CosPNe', 0, 3, 0, '../../assets/img/upload-image-icon-png-26.jpg', 58),
(69, 'testcreate123', 'testcreate123', 'testcreate123', '$2y$10$2nkNBsF4DmOzItpnm/j/6uMTqjpaZBl5HROkwo87Za58p6oIoP.AK', 0, 3, 0, '../../assets/img/upload-image-icon-png-26.jpg', 58),
(70, 'testadd32', 'testadd32', 'testadd32', '$2y$10$wW9BaDDTsoQo5DaORRiDRuytxCMzV5VYBoSuigWasZf.Uty4ln5aS', 0, 3, 0, '../../assets/img/upload-image-icon-png-26.jpg', 58),
(71, 'testadd421', 'testadd32343', 'testadd322', '$2y$10$5TqWxgE5.zkMqdQbhfUf6eR98Nw7Bi.XLAkcHF8QhtkBXdgp2aHqq', 0, 3, 0, '../../assets/img/upload-image-icon-png-26.jpg', 58),
(72, 'testadd23131', 'testadd23131', 'testadd23131', '$2y$10$.tdWV5SXFAU5NVhixvv1m.KImgYPUu2unNhmdfE23VPOe6U/R.Cfm', 0, 3, 0, '../../assets/img/upload-image-icon-png-26.jpg', 58),
(73, 'testadduser1234', 'testadduser1234', 'testadduser1234', '$2y$10$1bJMvHPPMmtFF.kqTt2/ruLFzqlx6nt7DTMI8/BalpPHjnJdyl/3O', 0, 3, 0, '../../assets/img/upload-image-icon-png-26.jpg', 58),
(74, 'asdawe', 'asdaweawe', 'testadminrare', '$2y$10$qz6WOuNo8BeIATPMSaRrB.3vdHIOy/Ip1XSgKJYDoBO0dh0KmqF6W', 0, 3, 0, '../../assets/img/upload-image-icon-png-26.jpg', 58),
(75, 'asdawe', 'asdaweawe', 'testadmin41231r', '$2y$10$J5zVO7d2A3XYCduhcbGNc.iSUUARMAHML3FY7n7THKHCg.a2JqWkK', 0, 3, 0, '../../assets/img/upload-image-icon-png-26.jpg', 58),
(76, 'asdawea', 'acasdaweaw', '13ascaswreaewra', '$2y$10$cWj/5nhmvJbUiVXbjRnOAuVWsvcR0LH/pOhd3VFhlz02Z5VCL0xDK', 1, 3, 0, '../../assets/img/upload-image-icon-png-26.jpg', 58),
(77, 'asdawe', 'asdaweawe', 'testadminera32', '$2y$10$gOPWm3FMaUO.k2JprKTUnuh9Al4pSOox/B/nrqlFbE6jqAr4W02zu', 0, 3, 0, '../../assets/img/upload-image-icon-png-26.jpg', 58),
(78, 'asdaweaw3e1', '2312sdasd', 'awe121r5124', '$2y$10$Ya6oGgzXYqJmM1Zjh3Lv1.RglVowbX..w235lx15t9liCwZR7Zr.u', 0, 3, 0, '../../assets/img/upload-image-icon-png-26.jpg', 58);

-- --------------------------------------------------------

--
-- Table structure for table `timer_access`
--

CREATE TABLE `timer_access` (
  `admin` int(11) NOT NULL,
  `user` int(11) NOT NULL,
  `timer_id` int(11) NOT NULL,
  `timer_name` varchar(100) NOT NULL
) ENGINE=InnoDB DEFAULT CHARSET=utf8mb4 COLLATE=utf8mb4_general_ci;

--
-- Dumping data for table `timer_access`
--

INSERT INTO `timer_access` (`admin`, `user`, `timer_id`, `timer_name`) VALUES
(58, 76, 123, ''),
(58, 19, 123, '');

--
-- Indexes for dumped tables
--

--
-- Indexes for table `associate`
--
ALTER TABLE `associate`
  ADD KEY `Admin` (`added_by`),
  ADD KEY `User` (`user_id`);

--
-- Indexes for table `submit_stamp`
--
ALTER TABLE `submit_stamp`
  ADD KEY `submit_stamp_ibfk_2` (`user_id`),
  ADD KEY `timer delete` (`timer_id`);

--
-- Indexes for table `tbl_timer`
--
ALTER TABLE `tbl_timer`
  ADD PRIMARY KEY (`timer_id`),
  ADD KEY `id` (`id`);

--
-- Indexes for table `tbl_timer_session`
--
ALTER TABLE `tbl_timer_session`
  ADD PRIMARY KEY (`id`),
  ADD KEY `Delete` (`timer_id`);

--
-- Indexes for table `tbl_users`
--
ALTER TABLE `tbl_users`
  ADD PRIMARY KEY (`id`),
  ADD UNIQUE KEY `username` (`username`);

--
-- Indexes for table `timer_access`
--
ALTER TABLE `timer_access`
  ADD KEY `Delete Timer` (`timer_id`),
  ADD KEY `Delete User` (`user`),
  ADD KEY `Delete Admin` (`admin`);

--
-- AUTO_INCREMENT for dumped tables
--

--
-- AUTO_INCREMENT for table `tbl_timer`
--
ALTER TABLE `tbl_timer`
  MODIFY `timer_id` int(11) NOT NULL AUTO_INCREMENT, AUTO_INCREMENT=127;

--
-- AUTO_INCREMENT for table `tbl_timer_session`
--
ALTER TABLE `tbl_timer_session`
  MODIFY `id` bigint(225) NOT NULL AUTO_INCREMENT, AUTO_INCREMENT=12323820101912;

--
-- AUTO_INCREMENT for table `tbl_users`
--
ALTER TABLE `tbl_users`
  MODIFY `id` int(11) NOT NULL AUTO_INCREMENT, AUTO_INCREMENT=79;

--
-- Constraints for dumped tables
--

--
-- Constraints for table `associate`
--
ALTER TABLE `associate`
  ADD CONSTRAINT `Admin` FOREIGN KEY (`added_by`) REFERENCES `tbl_users` (`id`) ON DELETE CASCADE ON UPDATE CASCADE,
  ADD CONSTRAINT `User` FOREIGN KEY (`user_id`) REFERENCES `tbl_users` (`id`) ON DELETE CASCADE ON UPDATE CASCADE;

--
-- Constraints for table `submit_stamp`
--
ALTER TABLE `submit_stamp`
  ADD CONSTRAINT `timer delete` FOREIGN KEY (`timer_id`) REFERENCES `tbl_timer` (`timer_id`) ON DELETE CASCADE ON UPDATE CASCADE;

--
-- Constraints for table `tbl_timer`
--
ALTER TABLE `tbl_timer`
  ADD CONSTRAINT `tbl_timer_ibfk_1` FOREIGN KEY (`id`) REFERENCES `tbl_users` (`id`) ON DELETE CASCADE ON UPDATE NO ACTION;

--
-- Constraints for table `tbl_timer_session`
--
ALTER TABLE `tbl_timer_session`
  ADD CONSTRAINT `Delete` FOREIGN KEY (`timer_id`) REFERENCES `tbl_timer` (`timer_id`) ON DELETE CASCADE ON UPDATE CASCADE;

--
-- Constraints for table `timer_access`
--
ALTER TABLE `timer_access`
  ADD CONSTRAINT `Delete Admin` FOREIGN KEY (`admin`) REFERENCES `tbl_users` (`id`) ON DELETE CASCADE ON UPDATE CASCADE,
  ADD CONSTRAINT `Delete Timer` FOREIGN KEY (`timer_id`) REFERENCES `tbl_timer` (`timer_id`) ON DELETE CASCADE ON UPDATE CASCADE,
  ADD CONSTRAINT `Delete User` FOREIGN KEY (`user`) REFERENCES `tbl_users` (`id`) ON DELETE CASCADE ON UPDATE CASCADE;
COMMIT;

/*!40101 SET CHARACTER_SET_CLIENT=@OLD_CHARACTER_SET_CLIENT */;
/*!40101 SET CHARACTER_SET_RESULTS=@OLD_CHARACTER_SET_RESULTS */;
/*!40101 SET COLLATION_CONNECTION=@OLD_COLLATION_CONNECTION */;
